"","s1","s4","s6","s8","s10","s15","s20"
"1_1",1,1,1,1,1,1,1
"2_1",1,1,1,1,1,1,1
"3_1",1,1,1,1,0,0,1
"3_2",1,0,0,0,1,0,1
"3_3",1,1,1,1,1,1,1
"4_1",1,0,1,0,0,0,0
"5_1",1,0,0,0,0,0,1
"6_0",0,0,0,0,0,1,0
"7_1",1,1,1,1,1,1,1
"8_1",0,0,1,1,1,0,1
"9_1",1,1,1,1,1,1,1
"10_1",1,0,0,0,0,1,1
"11_1",1,1,1,1,1,1,1
"12_1",1,0,0,0,0,0,1
"13_1",1,1,0,0,0,0,0
"14_1",1,1,1,1,1,1,1
"15_1",1,1,1,1,1,1,1
"16_1",1,1,1,1,1,1,1
"17_1",1,1,1,1,1,1,1
"18_1",1,1,1,1,1,1,1
"19_1",1,1,1,1,1,1,1
"20_1",1,1,1,1,1,1,1
"21_1",1,0,0,0,0,1,0
"22_1",1,1,1,1,1,1,1
"23_1",1,0,0,1,0,1,1
"24_1",0,0,0,1,1,0,0
"25_1",1,1,0,0,0,1,1
"26_0",1,0,0,0,0,0,0
"27_1",1,1,1,1,1,1,1
"28_1",1,1,1,1,1,0,1
"29_1",1,0,0,0,1,0,0
"30_1",0,0,1,0,0,0,1
"30_2",1,0,1,1,0,0,0
"31_1",1,1,1,1,1,1,1
"32_1",1,1,1,1,1,1,1
"33_1",1,1,1,1,1,1,1
"34_1",1,1,1,1,1,1,1
"35_1",1,0,1,0,1,1,1
"36_1",1,1,1,1,1,1,1
"37_1",1,1,1,1,1,1,1
"38_1",1,1,1,0,1,1,1
"39_1",1,1,1,1,1,1,1
"40_1",1,1,1,1,1,1,1
"40_2",1,1,1,1,1,1,1
"40_3",1,1,1,1,1,1,1
"40_4",0,0,0,0,1,0,0
"40_5",0,0,0,0,0,0,1
"41_1",0,1,1,1,1,1,1
"42_1",1,1,1,0,1,1,1
"43_1",0,1,1,1,1,1,1
"44_1",1,1,1,1,1,1,1
"45_1",1,1,1,1,1,1,1
"46_1",1,1,1,1,1,1,1
"47_1",1,1,1,1,1,1,1
"48_1",1,1,1,1,1,1,1
"49_1",0,0,1,1,1,1,1
"50_1",1,1,1,1,1,1,1
"51_1",1,0,1,0,1,1,1
"52_1",0,1,1,0,0,0,1
"52_2",0,0,0,0,0,1,0
"53_0",0,0,0,0,0,0,1
"54_1",1,0,1,0,1,1,1
"55_1",1,1,1,1,1,1,1
"56_1",1,1,1,1,1,1,1
"56_2",0,0,0,1,0,0,0
"57_0",0,0,0,1,0,0,0
"58_1",1,1,1,1,1,1,1
"59_1",1,1,1,1,1,1,1
"60_1",1,1,1,1,1,1,1
"61_1",0,1,1,1,1,1,1
"62_0",0,0,0,0,1,0,0
"63_1",0,1,1,1,1,1,1
"64_1",1,1,1,1,1,1,1
"65_0",0,1,0,0,0,0,0
"66_1",0,0,1,0,1,1,0
"67_1",1,1,0,1,1,0,0
"68_1",1,1,1,1,1,1,1
"69_1",1,1,1,1,1,1,1
"70_0",0,1,0,0,0,0,0
"71_1",0,0,0,0,1,1,1
"72_1",0,0,1,1,1,1,1
"73_1",1,1,1,1,1,1,1
"74_1",1,1,1,1,1,1,1
"75_1",1,1,1,1,1,1,1
"76_1",1,1,1,1,1,1,1
"76_2",1,1,1,1,1,1,1
"77_1",1,1,1,1,1,1,1
"78_0",0,0,0,1,0,0,0
"79_0",0,0,1,0,0,0,0
"80_1",1,1,1,1,1,1,1
"81_1",1,1,1,1,1,1,1
"82_1",1,1,1,1,1,1,1
"83_1",1,1,1,1,0,1,1
"83_2",1,1,0,0,0,1,1
"84_1",0,1,1,1,0,1,1
"85_1",1,1,0,0,1,1,1
"86_1",1,0,1,1,1,0,1
"87_1",1,1,1,1,1,1,1
"88_1",1,0,1,1,1,1,1
"88_2",1,1,1,1,1,1,1
"89_0",0,0,0,0,1,0,0
"90_0",0,0,0,0,0,0,1
"91_1",0,1,0,0,0,1,0
"92_1",1,1,1,1,1,1,1
"92_2",1,1,1,1,1,1,1
"93_0",0,0,0,1,0,0,0
"94_1",1,1,1,0,1,1,1
"95_1",0,0,1,1,1,1,1
"96_1",1,1,1,1,1,1,1
"97_1",1,1,1,1,1,1,1
"98_1",0,0,0,0,1,1,1
"99_1",1,1,1,1,1,1,1
"100_1",1,0,0,1,1,1,1
"101_1",0,0,0,0,1,1,0
"101_2",0,0,0,0,0,0,1
"102_1",1,1,1,1,1,1,1
"102_2",1,1,1,1,1,1,1
"103_1",0,0,1,0,1,1,1
"104_1",1,1,1,1,1,1,0
"105_1",0,0,0,1,1,1,1
"105_2",1,1,1,1,1,1,1
"105_3",1,1,1,1,1,1,1
"105_4",1,0,0,0,0,1,1
"106_1",0,1,1,1,1,1,1
"107_1",0,0,1,0,1,1,1
"108_1",0,1,1,1,1,1,1
"109_1",1,1,1,1,1,1,1
"110_1",0,0,1,0,1,1,1
"111_1",0,0,0,0,1,0,1
"112_1",1,1,0,0,0,0,0
"113_1",0,0,1,0,0,0,1
"114_0",0,0,0,0,0,1,0
"115_0",0,0,0,0,0,0,1
"116_1",1,1,1,1,1,1,1
"117_1",0,0,0,1,0,1,0
"118_1",1,1,1,1,1,1,1
"119_1",0,0,1,1,1,1,1
"120_0",0,0,0,0,1,0,0
"121_1",1,1,1,1,1,1,1
"122_1",0,0,0,0,0,1,1
"123_0",1,0,0,0,0,0,0
"124_1",1,1,1,1,1,1,1
"125_1",1,1,1,1,1,1,1
"125_2",1,1,1,1,1,1,1
"126_1",0,0,0,1,1,0,0
"127_1",1,1,1,1,1,1,1
"128_1",0,0,0,0,1,1,1
"129_1",1,1,1,1,1,1,1
"130_1",0,0,1,1,1,0,1
"131_1",1,1,1,1,1,1,1
"131_2",0,0,1,1,1,1,1
"132_1",0,0,1,0,1,1,1
"133_1",0,1,1,1,1,1,1
"134_1",0,1,1,1,1,1,1
"135_1",0,0,0,0,0,1,1
"136_1",1,1,1,1,1,1,1
"137_1",0,0,0,0,1,1,1
"138_0",0,0,0,0,0,0,1
"139_1",0,0,0,0,0,1,1
"140_1",0,0,0,0,1,1,1
"141_1",0,0,1,1,1,1,1
"142_1",0,0,0,1,1,1,1
"143_1",0,1,1,1,1,1,1
"144_1",0,1,1,1,1,1,1
"145_1",0,1,1,1,1,1,1
"146_1",0,1,1,1,1,1,1
"147_1",0,1,1,1,1,1,1
"148_1",0,0,0,0,1,1,1
"149_1",1,1,1,1,1,1,1
"150_1",0,1,1,1,1,1,1
"151_1",1,1,1,1,1,1,1
"152_1",1,1,0,0,0,1,1
"153_1",1,1,1,1,1,1,1
"154_1",1,1,1,1,1,1,1
"155_1",0,1,0,1,0,1,1
"155_2",0,0,0,1,1,1,1
"156_1",0,0,0,0,0,1,1
"157_1",0,1,1,0,0,1,1
"158_1",1,1,1,1,1,1,1
"159_1",0,1,1,1,1,1,1
"160_1",1,1,1,1,1,1,1
"161_1",0,0,0,0,0,1,1
"162_1",0,0,0,1,1,1,1
"163_1",0,0,1,0,1,0,0
"164_1",1,1,1,1,1,1,1
"165_1",0,1,1,1,1,1,1
"166_1",1,1,1,1,1,1,1
"167_1",0,0,0,1,0,1,0
"168_1",0,0,0,0,1,1,0
"168_2",1,0,1,1,0,1,0
"168_3",1,1,1,1,1,1,1
"168_4",0,0,0,0,0,0,1
"169_1",0,0,0,0,0,1,1
"170_1",1,1,1,0,0,0,0
"171_1",0,0,0,1,1,1,1
"172_1",1,1,1,1,1,1,1
"173_1",0,0,1,1,1,1,0
"174_1",1,1,1,1,1,1,1
"175_1",1,1,1,1,1,1,1
"176_1",1,1,1,1,1,1,1
"177_1",0,1,1,1,0,1,1
"178_1",1,1,1,1,1,1,1
"179_1",1,1,1,1,1,1,1
"180_1",1,1,1,1,1,1,1
"181_1",1,1,1,1,1,1,1
"182_1",1,1,1,1,1,1,1
"183_1",0,0,0,1,0,0,1
"184_1",0,1,1,1,1,1,1
"185_1",0,1,1,0,1,1,1
"186_1",1,1,1,1,1,1,1
"187_1",0,1,1,1,1,1,1
"188_1",0,0,0,1,1,1,1
"189_1",0,1,1,1,1,1,1
"190_1",1,1,1,1,1,1,1
"190_2",1,1,1,1,1,1,1
"191_1",1,1,1,1,1,1,1
"192_1",1,1,1,1,1,1,1
"193_1",1,1,1,1,1,1,1
"194_1",0,1,1,1,1,1,1
"195_1",1,1,0,0,0,0,0
"195_2",1,1,1,1,1,1,1
"196_1",0,0,1,1,1,1,1
"197_1",0,0,0,1,1,1,1
"198_1",0,0,0,0,0,1,1
"199_1",0,0,1,1,1,1,1
"200_1",0,0,1,1,1,1,1
"201_1",0,0,0,1,1,1,1
"202_1",0,0,1,1,1,1,1
"203_1",0,1,1,1,1,1,1
"204_1",1,1,1,1,1,1,1
"205_1",0,0,1,0,0,0,1
"206_1",1,1,1,1,1,1,1
"207_1",1,1,1,0,1,0,1
"208_1",1,1,1,1,1,1,1
"209_0",0,0,0,0,0,0,1
"210_1",0,1,1,1,1,1,1
"211_1",0,0,0,1,0,1,1
"212_1",1,1,1,1,1,1,1
"213_1",1,1,1,1,1,1,1
"214_1",0,0,0,1,0,1,1
"215_1",1,1,1,1,1,1,1
"216_1",1,0,0,0,1,0,0
"216_2",1,1,1,1,1,1,1
"217_1",0,1,0,1,1,0,1
"218_1",1,1,1,1,1,1,1
"219_1",0,0,0,1,1,1,1
"220_1",1,1,1,1,1,1,1
"221_1",1,1,1,1,0,1,1
"222_1",1,1,1,1,1,1,1
"223_1",1,1,1,1,1,1,1
"224_1",1,1,1,1,1,1,1
"225_1",1,1,1,1,1,1,1
"226_1",1,1,1,1,1,1,1
"227_1",1,1,1,0,1,1,1
"228_1",1,1,1,1,1,1,1
"228_2",1,1,1,1,1,0,0
"228_3",1,1,1,1,1,1,1
"228_4",1,1,1,1,1,1,1
"229_0",1,0,0,0,0,0,0
"230_1",1,1,1,1,1,1,1
"231_1",0,1,1,0,1,1,1
"232_1",1,1,1,1,1,1,1
"233_1",1,1,1,1,1,1,1
"234_1",1,1,1,1,1,1,1
"235_1",0,0,1,1,0,1,1
"236_1",1,1,1,1,1,1,1
"237_1",1,1,1,1,1,1,1
"238_1",1,1,1,1,1,1,1
"239_1",1,1,1,1,1,1,1
"240_1",1,1,1,1,1,1,1
"241_1",0,0,1,1,1,1,1
"241_2",0,1,0,1,1,0,1
"242_1",1,1,1,1,1,1,1
"243_1",1,1,1,1,1,1,1
"243_2",1,1,1,1,1,1,1
"244_1",1,1,1,1,1,1,1
"245_1",1,1,1,1,1,1,1
"246_1",1,1,1,1,1,1,1
"247_1",1,1,1,1,1,1,1
"248_1",1,1,1,1,1,1,1
"249_1",0,1,1,1,1,1,1
"250_1",1,1,1,1,1,1,1
"251_1",1,1,1,1,1,1,1
"252_1",1,1,1,1,1,1,1
"253_1",1,1,1,1,1,1,1
"253_2",1,1,1,1,1,1,1
"254_1",0,1,1,1,1,1,1
"255_1",1,1,1,1,1,1,1
"256_1",1,1,1,1,1,1,1
"257_1",0,1,1,1,1,1,1
"258_1",1,1,1,1,1,1,1
"259_1",1,1,1,1,1,1,1
"259_2",1,1,1,1,1,1,1
"260_1",0,0,1,0,1,1,1
"261_1",1,1,1,1,1,0,1
"262_1",1,1,1,1,1,1,1
"262_2",1,1,1,1,1,1,1
"263_1",1,1,1,1,1,1,1
"264_1",1,1,1,0,0,1,1
"265_1",1,1,1,1,1,1,1
"266_1",0,1,0,1,1,0,1
"267_1",1,1,1,1,1,1,1
"268_1",1,1,1,1,1,1,1
"269_1",1,1,0,0,0,1,0
"269_2",1,1,1,1,1,1,1
"270_1",1,1,1,1,1,1,1
"271_1",1,1,1,1,1,1,1
"272_1",1,1,1,1,1,1,1
"273_1",1,1,1,1,1,1,1
"274_1",1,1,1,1,1,1,1
"275_1",1,1,1,1,1,1,1
"276_1",1,1,1,1,1,1,1
"277_1",1,1,1,1,1,1,1
"278_1",1,1,1,1,1,1,1
"279_1",1,1,1,1,1,1,1
"280_1",1,1,1,1,1,1,1
"281_1",1,1,1,1,1,1,1
"282_1",0,1,1,1,1,1,1
"283_1",1,1,1,1,1,1,1
"284_1",1,1,1,1,1,1,1
"285_1",0,0,1,0,1,0,0
"286_1",1,1,1,1,1,1,1
"287_1",1,1,1,1,1,1,1
"288_1",1,1,1,1,1,1,1
"288_2",1,1,1,1,1,1,1
"289_1",0,0,0,1,0,1,0
"290_1",1,1,1,0,1,1,1
"290_2",0,1,1,1,1,1,1
"291_1",1,1,1,1,1,1,1
"291_2",0,0,1,1,0,0,0
"291_3",1,1,1,1,1,1,1
"292_0",0,0,0,0,0,0,1
"293_1",0,0,1,0,0,0,1
"294_1",1,1,1,1,1,1,1
"295_1",1,1,1,1,1,1,1
"296_1",1,1,1,1,0,1,1
"297_1",1,1,1,1,1,1,1
"298_1",0,1,1,1,1,1,1
"299_0",0,0,0,0,0,1,0
"300_1",1,1,1,1,1,1,1
"301_1",1,1,1,1,1,1,1
"302_1",0,0,1,1,1,1,1
"303_1",1,1,1,1,1,1,1
"304_0",0,0,0,0,0,0,1
"305_1",0,0,1,1,1,1,1
"306_1",0,0,0,0,0,1,1
"307_1",0,0,0,0,0,1,1
"307_2",0,0,1,0,0,1,1
"308_1",0,0,1,1,1,1,1
"309_1",0,0,0,1,0,0,1
"310_1",0,0,0,0,1,1,1
"311_1",0,0,1,1,1,1,1
"312_1",0,1,0,0,0,1,1
"313_1",1,1,1,1,1,1,1
"314_1",1,1,1,1,1,1,1
"315_1",1,1,1,1,1,1,1
"316_1",1,1,1,1,1,1,1
"317_1",0,0,0,1,1,1,1
"318_1",1,1,1,1,1,1,1
"319_1",1,1,1,1,1,1,1
"320_1",1,1,1,1,1,1,1
"321_1",1,1,1,1,1,1,1
"322_1",1,1,1,1,1,1,1
"323_1",1,1,1,1,1,1,1
"324_1",1,1,1,1,1,1,1
"325_1",1,1,1,1,1,1,1
"326_1",1,1,1,1,1,1,1
"327_1",0,0,0,1,1,1,1
"328_1",0,1,1,1,1,1,1
"329_1",0,1,1,1,1,1,1
"330_1",0,0,1,0,1,0,1
"331_1",1,1,1,1,1,1,1
"332_1",0,1,1,1,1,1,1
"333_1",1,1,1,1,1,1,1
"334_1",1,1,1,1,1,1,1
"335_1",1,1,1,1,1,1,1
"336_1",1,1,1,1,1,1,1
"337_1",1,1,1,1,1,1,1
"338_1",0,0,1,1,1,1,1
"338_2",0,1,1,1,1,1,1
"339_1",1,1,1,1,1,1,1
"340_1",1,1,1,1,1,1,1
"341_1",1,1,1,1,1,1,1
"342_0",0,0,0,0,0,1,0
"343_1",1,1,1,1,1,1,1
"344_1",0,1,1,0,0,1,1
"345_1",0,1,0,1,1,1,1
"346_1",1,1,1,1,1,1,1
"347_1",0,0,0,0,1,1,1
"348_1",1,1,1,1,1,1,1
"349_1",0,1,1,1,1,1,1
"350_1",1,1,1,1,1,1,1
"351_1",0,0,0,0,0,1,1
"352_1",1,1,1,1,1,1,1
"353_1",1,1,1,1,1,1,1
"354_0",0,0,0,0,0,1,0
"355_1",0,1,1,1,1,1,1
"356_1",1,1,1,1,1,1,1
"357_0",0,1,0,0,0,0,0
"358_1",1,1,1,0,0,1,1
"359_1",1,1,1,1,1,1,1
"360_1",1,1,1,1,1,1,1
"361_1",1,1,1,1,1,1,1
"362_1",1,0,0,1,1,1,1
"363_1",0,0,1,1,1,1,1
"363_2",0,1,1,1,1,1,1
"364_0",0,0,0,0,0,1,0
"365_1",0,0,0,0,1,1,1
"366_1",1,1,1,1,1,1,1
"367_1",1,1,1,1,1,1,1
"368_1",1,1,1,1,1,1,1
"369_1",1,1,0,0,1,1,1
"369_2",1,1,1,1,1,1,1
"370_1",1,1,1,1,1,1,1
"371_1",1,1,1,1,1,1,1
"372_1",0,0,0,0,0,1,1
"373_1",1,0,1,0,1,1,1
"374_0",1,0,0,0,0,0,0
"375_1",0,0,0,0,1,1,1
"376_1",1,1,1,1,1,1,1
"376_2",1,1,1,1,1,1,1
"377_1",0,1,1,1,1,1,1
"377_2",1,1,1,1,1,1,1
"378_0",0,0,0,0,1,0,0
"379_1",0,1,1,1,1,1,1
"380_1",0,0,0,0,0,1,1
"381_1",1,1,1,1,1,1,1
"382_1",0,1,1,0,1,1,1
"382_2",1,1,1,1,1,1,1
"383_1",1,1,1,1,1,1,1
"384_1",0,1,1,1,1,1,1
"385_1",1,1,1,1,1,1,1
"386_1",1,1,1,1,1,1,0
"387_1",1,1,1,1,1,1,1
"388_1",1,1,1,1,1,1,1
"389_1",0,1,1,1,1,1,1
"390_1",0,0,0,0,0,1,1
"391_1",1,1,1,1,1,1,1
"392_1",1,1,1,1,1,1,1
"393_1",1,1,1,1,1,1,1
"394_1",0,0,1,0,0,0,1
"395_0",0,0,0,0,0,1,0
"396_1",1,1,1,1,1,1,1
"397_1",1,1,1,1,1,1,1
"398_1",1,1,1,1,1,1,1
"399_1",1,1,1,1,1,1,1
"399_2",1,1,1,1,1,1,1
"399_3",1,1,1,1,1,1,1
"400_1",0,1,0,0,0,1,1
"401_1",0,0,1,0,0,1,1
"402_1",1,1,1,1,1,1,1
"403_1",0,1,1,1,1,1,1
"404_1",1,1,1,1,1,1,1
"405_1",1,1,1,1,1,1,1
"406_1",1,1,1,1,1,1,1
"407_1",1,1,1,1,1,1,1
"408_1",1,1,1,1,1,1,1
"409_1",0,1,1,1,0,1,1
"410_1",1,1,1,1,1,1,1
"411_1",1,1,1,1,1,1,1
"412_1",1,1,1,1,1,1,1
"413_1",0,1,0,1,1,1,1
"414_1",1,1,1,1,1,1,1
"415_1",1,1,1,1,1,1,1
"416_1",1,1,1,1,1,1,1
"417_1",1,1,1,1,1,1,1
"418_1",1,1,1,1,1,1,1
"419_1",1,1,1,1,1,1,1
"420_1",1,1,1,1,1,1,1
"421_1",1,1,1,1,1,1,1
"422_1",1,1,1,1,1,1,1
"423_1",0,1,1,1,1,1,1
"424_1",1,0,0,0,1,1,0
"425_1",1,1,1,1,1,1,1
"425_2",1,1,1,1,1,1,1
"426_1",1,1,1,1,1,1,1
"427_1",1,1,0,0,0,0,0
"427_2",1,1,1,1,1,1,1
"428_1",1,1,1,1,1,1,1
"429_1",1,1,1,1,1,1,1
"430_1",1,1,1,1,1,1,1
"430_2",1,1,1,1,1,1,1
"431_1",0,1,1,1,1,1,1
"432_1",1,1,1,1,1,1,1
"433_1",1,1,1,1,1,1,1
"434_0",0,0,0,1,0,0,0
"435_1",1,1,1,1,1,1,1
"436_1",1,1,1,1,1,1,1
"437_1",1,1,0,1,1,0,1
"438_1",1,1,1,1,1,1,1
"439_1",1,1,1,1,1,1,1
"440_1",1,1,1,1,1,1,1
"441_1",1,1,1,1,1,1,1
"442_1",1,1,1,1,1,1,1
"443_1",1,1,1,1,1,1,1
"444_1",1,1,1,1,1,1,1
"445_1",1,1,1,1,1,1,1
"446_1",1,1,1,1,1,1,1
"447_1",0,1,1,1,1,1,1
"448_1",0,0,0,0,0,1,1
"449_1",1,1,1,1,1,1,1
"449_2",1,1,1,1,1,1,1
"450_1",0,0,1,0,1,1,1
"451_1",0,1,1,1,1,1,1
"451_2",1,1,1,1,1,1,1
"452_1",1,1,1,1,1,1,1
"453_1",1,1,1,1,1,1,1
"454_1",1,1,1,1,1,1,1
"455_1",0,0,1,1,1,0,0
"456_1",0,0,0,1,1,1,1
"457_1",0,1,1,1,1,1,1
"458_1",1,1,1,1,1,1,1
"458_2",1,1,1,1,1,1,1
"459_1",0,0,0,0,0,1,1
"460_1",1,1,1,1,1,1,1
"461_1",1,1,1,1,1,0,1
"462_0",0,0,0,0,0,1,0
"463_1",1,1,1,1,1,1,1
"464_0",0,0,0,0,0,1,0
"465_1",1,1,1,1,1,1,1
"466_1",0,1,1,1,1,1,1
"467_1",1,1,1,1,1,1,1
"468_1",1,1,0,1,1,1,1
"469_1",1,1,1,1,1,1,1
"470_1",1,0,0,0,0,1,0
"471_1",1,1,1,1,1,1,1
"471_2",1,1,1,1,1,1,1
"472_1",1,1,1,1,1,1,1
"473_1",1,1,1,0,0,1,1
"473_2",1,1,1,1,1,1,1
"474_1",1,1,1,1,1,1,1
"475_1",1,1,1,1,1,1,1
"476_1",1,1,1,1,1,1,1
"477_1",1,1,1,1,1,1,1
"478_1",1,1,1,1,1,1,1
"478_2",1,0,0,0,0,0,0
"479_1",1,1,1,1,1,1,1
"479_2",1,1,1,1,1,1,1
"480_1",1,1,1,1,1,1,1
"481_1",1,1,1,1,1,1,1
"482_1",1,1,1,1,1,1,1
"483_1",1,0,0,1,1,1,0
"484_1",1,0,0,1,0,1,1
"485_1",1,1,1,1,1,1,1
"486_1",1,1,1,1,1,1,1
"487_0",0,0,1,0,0,0,0
"488_1",0,1,0,1,1,1,1
"489_1",1,1,1,1,1,1,1
"490_1",1,1,1,1,1,1,1
"491_1",0,1,1,1,1,1,1
"492_1",0,0,1,1,1,1,1
"493_1",0,1,1,1,0,0,0
"494_1",1,1,1,1,1,1,1
"495_1",1,1,0,1,1,1,0
"496_1",1,1,1,1,1,1,1
"497_1",0,1,0,0,1,1,0
"498_1",1,1,1,1,1,1,1
"498_2",1,1,0,1,0,1,1
"499_1",1,1,1,1,1,1,1
"499_2",1,1,1,1,1,1,1
"500_1",1,1,1,1,1,1,1
"501_1",1,1,1,1,1,1,1
"501_2",0,0,0,0,0,0,1
"502_1",0,1,1,1,1,1,1
"503_1",1,1,1,1,1,1,1
"504_1",1,1,1,1,1,1,1
"505_1",1,1,1,1,1,1,1
"506_1",0,0,0,1,1,0,0
"506_2",1,1,1,0,0,1,1
"507_1",1,1,1,1,1,1,1
"508_1",0,0,0,1,1,1,1
"508_2",0,0,0,0,0,0,1
"509_1",0,1,0,1,0,1,1
"510_1",0,1,1,1,1,1,1
"511_1",0,0,0,1,1,1,1
"512_1",0,1,1,1,1,1,1
"513_1",1,1,1,1,1,1,1
"514_1",0,1,1,1,1,1,1
"515_1",1,1,1,1,1,1,1
"516_1",1,1,1,1,1,1,1
"517_0",0,1,0,0,0,0,0
"518_1",1,1,1,1,1,1,1
"519_1",0,0,1,1,1,0,1
"520_1",0,1,0,0,1,0,0
"521_1",1,1,1,1,1,1,1
"522_1",1,1,0,0,1,0,0
"523_1",0,0,0,1,1,1,1
"524_1",1,1,0,0,0,1,0
"525_1",1,1,1,1,1,1,1
"526_1",1,1,1,1,1,1,1
"527_0",0,0,1,0,0,0,0
"528_1",0,0,0,0,0,1,1
"529_1",0,0,0,1,1,1,1
"530_1",0,0,0,0,0,1,1
"531_1",0,0,0,1,1,1,1
"532_0",0,0,0,0,0,0,1
"533_1",0,1,1,0,0,0,0
"534_1",1,1,1,1,1,1,1
"535_1",1,1,1,1,1,1,1
"536_1",1,1,0,1,1,1,1
"537_1",1,0,1,0,0,0,0
"538_1",0,1,0,0,1,1,1
"539_1",1,1,1,1,1,1,1
"540_1",1,0,1,1,1,1,1
"541_1",1,1,0,0,0,0,0
"541_2",0,0,1,1,1,1,1
"542_1",1,1,1,1,1,1,1
"543_1",0,0,1,1,1,1,1
"544_1",1,1,1,1,1,1,1
"545_1",0,0,0,1,1,1,1
"546_1",0,0,0,1,1,0,1
"547_0",0,0,0,0,0,1,0
"548_1",0,0,0,0,0,1,1
"549_1",1,1,1,1,0,1,1
"550_1",0,0,0,1,1,1,1
"551_1",0,0,1,0,1,1,1
"552_0",0,0,0,0,1,0,0
"553_1",1,1,1,1,1,1,1
"554_1",0,1,0,0,1,0,0
"555_1",1,1,1,1,1,1,1
"556_1",0,0,0,1,0,0,1
"557_1",0,0,0,1,1,1,1
"558_1",1,1,1,1,1,1,1
"559_1",0,0,0,1,1,0,1
"560_1",0,0,1,0,1,1,0
"561_1",0,1,1,1,1,1,1
"562_1",0,0,0,0,0,1,1
"563_1",0,0,0,0,1,1,1
"564_1",0,0,0,0,0,1,1
"565_1",0,1,1,1,1,1,1
"566_1",0,0,1,1,1,1,1
"567_1",0,0,0,0,0,1,1
"568_1",0,1,1,1,1,1,1
"569_1",0,0,0,0,0,1,1
"569_2",0,0,0,0,0,0,1
"570_1",1,1,1,1,1,1,1
"571_1",1,0,1,0,1,1,1
"572_1",0,0,0,0,0,1,1
"573_1",0,1,1,1,1,1,1
"574_1",0,1,0,1,1,1,1
"575_1",1,1,1,1,1,1,1
"576_0",0,0,0,0,0,1,0
"577_1",1,1,1,1,1,1,1
"578_1",0,1,1,1,1,1,1
"579_1",0,1,1,1,1,1,1
"580_1",0,1,1,0,1,1,1
"581_1",0,1,0,0,0,1,1
"582_1",0,0,1,0,1,1,1
"583_1",0,0,1,1,1,1,1
"584_1",0,0,0,1,1,1,1
"585_1",0,1,1,1,1,1,1
"586_1",0,0,1,1,1,1,1
"587_1",0,1,1,1,1,1,1
"588_1",0,1,1,1,1,1,1
"589_1",0,1,1,1,1,1,1
"590_0",0,0,0,1,0,0,0
"591_1",0,0,0,1,1,1,1
"592_1",0,1,1,1,1,1,1
"593_1",0,1,1,1,1,1,1
"594_1",0,1,1,1,1,1,1
"595_1",0,0,0,0,0,1,1
"596_1",0,0,1,1,1,1,1
"597_1",0,1,1,1,1,1,1
"598_1",0,0,0,1,0,1,1
"599_1",0,1,0,1,1,1,1
"600_1",0,1,1,1,1,1,1
"601_1",0,0,0,0,0,1,1
"602_1",0,0,0,1,0,1,1
"603_1",0,0,0,0,1,1,1
"604_1",0,1,0,0,1,1,1
"605_0",0,0,0,0,1,0,0
"606_1",1,1,1,1,1,1,1
"607_1",0,1,1,1,1,1,1
"608_1",0,0,0,0,0,1,1
"609_0",0,0,0,0,1,0,0
"610_1",0,1,1,1,1,1,1
"611_1",0,0,1,1,1,1,1
"612_1",0,0,1,0,0,1,1
"613_1",1,0,1,1,1,1,1
"614_1",0,0,1,1,1,1,1
"615_1",0,0,1,1,1,1,1
"616_1",0,1,1,1,1,1,1
"617_1",0,0,1,1,1,1,1
"618_1",1,1,1,1,1,1,1
"619_1",0,0,1,1,1,1,1
"620_1",0,1,1,1,1,1,1
"621_0",0,0,0,0,0,1,0
"622_1",0,1,1,1,1,1,1
"623_1",0,1,1,1,1,1,1
"624_1",0,1,0,0,1,1,1
"625_1",1,1,1,1,1,1,1
"626_1",0,0,0,0,0,1,1
"627_1",0,1,0,1,0,1,0
"628_1",0,1,1,1,1,1,1
"629_0",0,0,0,0,0,0,1
"630_1",0,0,0,0,1,1,1
"631_1",0,0,0,1,1,0,1
"632_1",0,0,0,0,1,1,1
"633_1",0,1,1,1,1,1,1
"634_1",0,1,1,1,1,1,1
"635_1",0,0,1,0,1,0,0
"636_0",0,0,0,0,0,0,1
"637_1",0,1,1,1,0,1,1
"638_1",0,0,0,1,1,1,1
"639_1",0,0,0,1,0,1,1
"640_0",0,0,0,1,0,0,0
"641_0",0,0,0,0,0,0,1
"642_0",0,0,0,0,0,1,0
"643_1",0,1,1,1,1,1,1
"644_1",0,1,1,1,1,1,1
"645_1",1,1,1,1,1,1,1
"646_1",1,1,1,1,1,1,0
"647_0",0,0,0,0,1,0,0
"648_1",0,0,0,0,0,1,1
"649_1",0,0,1,0,1,1,1
"650_1",0,1,1,1,1,1,1
"651_1",1,1,1,1,1,1,1
"652_1",0,0,1,0,1,1,1
"653_1",0,1,0,1,1,1,1
"654_1",1,1,1,1,1,1,1
"655_1",1,1,1,1,1,1,1
"656_1",0,1,1,1,1,1,1
"657_1",0,0,1,1,1,0,1
"657_2",1,1,1,1,1,1,1
"658_1",1,0,1,1,1,0,0
"659_1",0,1,1,1,1,1,1
"660_0",0,0,0,1,0,0,0
"661_0",0,0,0,0,0,0,1
"662_1",0,1,1,1,1,1,1
"663_1",0,0,1,0,0,1,1
"664_1",0,1,1,1,1,1,1
"665_0",0,0,0,0,1,0,0
"666_1",0,1,1,1,1,1,1
"667_1",0,0,1,1,0,1,1
"668_1",0,0,1,0,1,1,1
"669_1",0,1,0,1,1,1,1
"670_1",0,0,0,1,1,1,1
"671_1",0,1,1,1,1,1,1
"672_1",0,1,1,1,1,1,1
"672_2",1,1,0,0,0,0,0
"673_1",0,1,1,0,0,0,0
"673_2",1,1,1,1,1,1,1
"674_1",1,1,1,1,1,1,1
"675_0",0,0,0,0,0,0,1
"676_0",0,0,0,1,0,0,0
"677_1",1,1,1,1,1,1,1
"678_1",1,1,1,1,1,1,1
"679_1",1,1,1,1,1,1,1
"680_1",1,1,1,1,1,1,1
"681_1",1,1,1,1,1,1,1
"682_1",1,1,1,1,1,1,1
"683_1",1,1,1,1,1,1,1
"684_1",1,1,1,1,1,1,1
"685_1",0,0,0,1,0,1,0
"686_1",1,1,1,1,1,1,1
"687_1",1,1,1,1,1,1,1
"688_1",1,1,1,1,1,1,1
"689_1",1,1,1,1,1,1,1
"690_1",1,1,1,1,1,1,1
"691_1",1,1,1,1,1,1,1
"692_1",1,1,1,1,1,1,1
"693_1",0,1,1,1,1,1,1
"694_1",1,1,1,1,1,1,1
"695_1",1,1,1,1,1,1,1
"696_1",1,1,0,1,1,1,1
"697_1",1,1,1,1,1,1,1
"698_1",0,1,1,1,1,1,1
"699_1",0,0,1,1,1,1,1
"700_1",1,1,1,1,1,1,1
"701_1",1,1,1,1,1,1,1
"702_1",0,1,1,1,1,1,1
"703_0",0,0,0,0,0,0,1
"704_1",1,1,1,1,1,1,1
"705_1",0,1,0,0,1,1,0
"706_1",0,1,1,1,1,1,1
"707_1",1,1,1,1,1,1,1
"708_0",0,0,0,0,0,0,1
"709_1",0,0,1,1,0,0,1
"710_1",0,0,1,0,1,1,1
"711_1",1,1,1,1,1,1,1
"712_1",1,1,1,1,1,1,1
"713_0",0,0,0,0,0,0,1
"714_1",0,0,0,1,1,0,1
"715_1",0,0,1,1,1,1,1
"715_2",1,1,1,1,1,1,1
"716_1",1,1,1,1,1,1,1
"717_1",1,1,1,1,1,1,1
"718_1",1,1,1,1,1,1,1
"719_1",0,0,0,1,1,1,1
"720_1",1,1,1,1,1,1,1
"721_1",0,1,1,1,1,0,1
"722_1",0,0,0,0,0,1,1
"723_1",0,0,0,0,0,1,1
"724_1",0,0,0,0,1,1,1
"725_1",1,1,1,1,1,1,1
"726_1",1,1,1,1,1,1,1
"727_1",0,0,1,1,0,1,1
"727_2",0,1,1,1,1,1,1
"728_1",1,1,1,0,0,1,0
"729_1",1,1,1,0,1,1,1
"730_1",0,0,1,1,1,1,1
"731_1",1,1,1,1,1,1,1
"732_1",1,1,1,1,1,1,1
"733_1",0,0,0,1,0,1,1
"734_1",0,0,1,0,1,1,1
"735_1",0,0,1,1,1,1,1
"736_1",0,0,0,1,0,1,1
"737_1",0,1,1,1,1,1,1
"738_1",0,0,0,0,1,1,1
"739_1",0,1,1,1,1,1,1
"740_1",0,0,1,1,1,1,1
"741_1",1,1,1,1,1,1,1
"742_0",0,0,0,0,0,0,1
"743_1",0,1,0,0,0,1,0
"743_2",0,0,1,0,1,1,1
"744_1",0,0,1,1,1,1,1
"745_1",1,1,1,1,1,1,1
"745_2",0,1,1,1,1,1,1
"746_1",0,1,0,1,1,0,0
"746_2",0,1,1,1,1,1,1
"747_1",0,1,1,1,1,1,1
"748_1",0,1,1,1,1,1,1
"749_1",0,1,1,1,1,1,1
"750_1",0,0,1,1,0,0,1
"751_1",0,1,1,0,0,1,1
"752_1",0,0,1,1,1,1,1
"752_2",1,1,1,1,1,1,1
"753_1",0,1,1,1,1,1,1
"754_1",0,0,0,0,1,0,1
"755_1",0,1,1,1,1,1,1
"756_1",0,0,0,1,1,1,1
"757_1",0,1,0,1,1,1,1
"758_1",0,0,1,1,1,1,1
"759_1",0,0,0,1,1,1,1
"760_1",0,1,1,1,1,1,1
"761_1",0,1,1,1,1,1,1
"761_2",1,1,1,1,1,1,1
"762_1",0,0,0,0,0,1,1
"763_1",0,0,0,1,1,1,1
"764_1",0,0,1,1,1,1,1
"765_1",0,1,1,0,0,0,1
"766_1",0,1,1,1,1,1,1
"767_1",1,1,1,1,1,1,1
"768_1",0,1,1,1,1,1,1
"769_1",1,1,1,1,1,1,1
"770_1",0,0,1,1,1,1,1
"771_0",0,0,0,0,0,0,1
"772_1",0,1,1,1,1,1,1
"773_1",1,1,1,0,0,0,0
"774_1",0,1,1,1,1,1,1
"775_1",0,0,1,1,1,1,1
"776_1",0,1,1,0,0,0,0
"777_1",1,1,1,1,1,1,1
"778_1",0,0,1,1,0,0,0
"779_1",0,0,0,0,0,1,1
"780_1",1,1,1,1,1,1,1
"781_1",1,1,1,1,1,1,1
"782_1",1,1,1,1,1,1,1
"783_1",1,1,1,1,1,1,1
"783_2",0,0,1,1,1,1,1
"784_0",0,0,0,1,0,0,0
"785_1",1,1,0,1,1,1,1
"786_0",0,0,0,0,0,1,0
"787_1",1,1,1,1,1,1,1
"788_1",0,1,1,1,1,1,1
"789_1",1,1,1,1,1,1,1
"790_0",0,0,1,0,0,0,0
"791_1",1,1,1,1,1,1,1
"792_1",1,0,1,0,0,0,0
"793_1",1,1,1,1,1,1,1
"794_1",1,1,1,1,1,0,0
"795_0",0,0,0,0,0,0,1
"796_0",0,0,1,0,0,0,0
"797_1",1,1,1,1,1,1,1
"798_1",0,0,1,0,0,1,0
"799_1",1,1,1,1,1,1,1
"800_1",0,0,0,0,0,1,1
"801_1",0,1,1,1,1,1,1
"802_1",0,0,1,0,0,1,0
"803_0",0,0,0,0,1,0,0
"804_0",0,0,0,0,0,0,1
"805_1",0,1,1,1,1,1,1
"806_1",1,1,1,1,1,1,1
"807_1",1,1,1,1,1,1,1
"808_1",0,0,0,1,0,0,1
"809_1",1,1,1,1,1,1,1
"810_1",1,1,1,1,1,1,1
"811_1",0,1,1,1,1,1,1
"812_1",1,0,0,1,1,0,0
"813_1",1,1,1,1,1,1,1
"814_1",1,1,1,1,1,1,1
"814_2",1,1,1,1,1,1,1
"815_1",1,1,1,1,1,1,0
"816_1",0,0,1,1,0,1,1
"817_1",1,1,1,1,1,1,1
"818_1",0,0,0,1,1,1,1
"819_1",0,1,1,1,1,1,1
"820_0",0,0,0,0,0,0,1
"821_1",0,1,1,0,1,1,1
"822_1",0,1,0,1,0,0,1
"823_1",0,1,1,1,1,1,1
"824_0",0,0,1,0,0,0,0
"825_0",0,0,0,1,0,0,0
"826_1",1,1,1,1,1,1,1
"827_1",0,0,1,0,0,1,1
"828_1",0,0,0,0,1,1,1
"829_1",0,0,0,0,0,1,1
"830_1",0,1,0,1,1,1,1
"831_0",0,0,0,0,0,0,1
"832_1",1,1,1,1,1,1,1
"833_1",1,1,0,1,1,1,1
"834_0",0,0,0,0,0,0,1
"835_1",1,1,1,1,1,1,1
"836_1",1,0,1,0,0,0,0
"837_1",0,0,1,1,1,1,1
"838_1",1,1,1,1,1,1,1
"839_1",1,1,1,1,0,1,1
"840_1",0,1,0,0,0,0,1
"841_0",0,1,0,0,0,0,0
"842_1",0,0,0,0,0,1,1
"843_0",1,0,0,0,0,0,0
"844_1",1,1,1,1,1,1,1
"845_1",1,1,1,1,1,1,1
"846_1",1,1,1,1,1,1,1
"847_1",1,1,1,1,1,1,1
"848_1",1,1,1,1,1,1,1
"849_1",1,1,1,1,1,1,1
"850_1",0,1,1,1,1,1,1
"850_2",1,1,1,1,1,1,1
"851_1",1,1,1,1,1,1,1
"852_1",0,1,1,1,1,1,1
"853_1",0,1,1,1,1,1,1
"854_1",1,1,1,1,1,1,1
"855_1",0,1,1,1,1,1,1
"856_1",1,1,1,1,1,1,1
"857_1",0,0,1,0,1,1,1
"858_1",0,0,1,0,0,0,1
"859_1",1,1,1,1,1,1,1
"860_1",0,0,0,1,0,1,1
"861_0",0,0,1,0,0,0,0
"862_1",1,1,1,1,1,1,1
"863_1",0,0,0,1,1,1,1
"864_1",1,1,1,1,1,1,1
"865_1",1,1,1,1,1,1,1
"866_1",0,0,0,0,1,0,1
"867_0",0,0,0,0,0,0,1
"868_0",0,1,0,0,0,0,0
"869_1",1,1,1,1,1,1,1
"870_1",1,1,1,1,1,1,1
"871_1",1,1,1,1,1,1,1
"872_0",0,0,0,0,0,0,1
"873_1",1,1,1,1,1,1,1
"874_1",0,1,1,0,1,1,1
"875_1",1,1,1,1,1,1,1
"876_1",0,0,1,1,1,0,0
"877_1",0,1,1,1,1,1,1
"878_1",1,1,1,1,1,1,1
"879_1",1,1,1,1,1,1,1
"880_1",1,1,0,0,0,0,0
"881_1",1,1,1,1,1,1,1
"882_1",1,1,1,1,1,1,1
"883_1",1,1,1,1,1,1,1
"884_1",1,1,1,1,1,1,1
"885_1",0,0,1,0,0,1,0
"886_1",0,1,1,1,1,1,1
"887_1",0,1,1,1,1,1,1
"888_1",1,1,1,1,1,1,1
"889_1",1,1,1,1,1,1,1
"890_1",0,1,1,0,1,1,0
"891_1",1,1,1,1,1,1,1
"892_1",0,0,0,1,1,1,1
"893_0",0,0,0,0,0,1,0
"894_1",1,1,1,1,1,1,1
"895_1",1,1,1,1,1,1,1
"895_2",0,0,1,1,0,1,1
"896_1",1,1,0,1,1,1,0
"897_1",0,0,1,1,1,1,1
"898_1",1,1,1,1,1,1,1
"899_1",1,1,1,1,1,1,1
"900_1",1,1,1,1,1,1,1
"901_1",0,1,1,0,1,1,1
"902_1",1,1,1,1,1,1,1
"903_1",1,1,1,1,1,1,1
"904_1",0,1,1,1,1,1,1
"905_1",0,0,0,0,1,1,1
"906_1",0,0,0,1,1,1,1
"907_1",0,0,1,1,1,1,1
"908_1",0,0,1,0,1,0,1
"909_1",0,1,1,0,1,0,0
"910_1",0,1,1,1,1,1,1
"911_1",1,1,1,1,1,1,1
"912_1",1,1,1,1,1,1,1
"913_1",0,0,0,0,1,1,1
"913_2",1,1,1,1,1,1,1
"914_1",0,0,0,1,0,1,1
"915_0",0,0,0,0,0,0,1
"916_1",0,0,0,0,1,1,1
"917_1",0,1,1,1,1,1,1
"918_1",0,0,1,1,1,1,1
"919_1",1,1,1,1,1,1,1
"920_1",0,0,0,1,0,1,1
"921_1",0,1,1,0,0,1,1
"922_1",0,1,1,0,0,1,1
"923_1",0,1,1,1,1,0,1
"924_1",0,1,1,1,1,1,1
"925_1",0,0,0,1,1,1,1
"926_1",0,0,0,1,0,1,1
"927_1",0,0,1,0,0,1,1
"928_0",0,0,0,0,0,0,1
"929_1",1,0,0,0,0,1,1
"930_1",1,1,1,1,1,1,1
"931_1",1,1,1,1,1,1,1
"932_0",0,0,0,0,0,0,1
"933_1",1,1,1,1,0,1,1
"934_1",1,1,1,0,1,1,1
"935_1",0,0,0,0,0,1,1
"936_0",0,0,0,0,0,1,0
"937_1",1,1,1,1,1,1,1
"938_1",1,1,1,1,1,1,1
"939_1",0,0,0,1,0,1,1
"940_1",0,0,0,1,1,1,1
"941_1",0,0,1,1,1,1,1
"942_1",0,1,0,1,1,1,0
"943_1",0,0,1,0,0,0,1
"944_1",0,0,0,0,0,1,1
"945_1",0,0,1,0,1,0,1
"946_1",0,1,1,0,1,1,1
"947_1",0,0,0,0,1,1,1
"948_1",0,0,0,1,0,0,1
"949_1",0,0,1,0,1,1,1
"950_1",0,1,0,1,1,1,1
"951_1",0,1,1,1,1,1,1
"952_1",0,0,1,1,1,1,1
"953_1",0,0,0,0,0,1,1
"954_1",1,1,1,1,1,1,1
"955_1",0,0,1,1,1,1,0
"956_1",0,0,1,0,1,1,1
"957_1",0,0,1,0,0,1,1
"958_1",1,1,1,1,1,1,1
"959_1",0,0,0,1,1,0,1
"959_2",1,1,1,1,1,1,1
"960_1",0,1,1,1,1,1,1
"960_2",0,0,0,0,0,0,1
"961_1",1,1,1,1,1,1,1
"962_1",1,1,1,1,1,1,1
"963_1",0,1,1,1,1,1,1
"964_1",0,0,1,1,1,1,1
"965_1",1,1,1,1,1,1,1
"966_1",1,1,1,1,1,1,1
"967_1",1,1,1,1,1,1,1
"968_1",1,1,1,1,1,1,1
"969_1",1,1,1,1,1,1,1
"970_1",1,1,1,1,1,1,1
"971_0",0,0,0,0,0,0,1
"972_0",0,0,0,0,1,0,0
"973_0",0,0,0,0,0,0,1
"974_1",0,0,0,0,0,1,1
"975_1",1,1,1,1,1,0,0
"976_1",1,1,1,1,1,1,1
"977_1",1,1,1,1,1,1,1
"977_2",0,1,1,1,1,1,1
"978_1",0,1,1,1,1,1,1
"979_1",1,1,1,1,1,1,1
"980_1",1,1,1,1,1,1,1
"981_1",1,1,1,1,1,1,1
"982_1",1,0,0,1,1,1,1
"983_1",1,1,1,1,1,1,1
"984_1",1,1,1,1,1,1,1
"985_1",1,1,1,1,1,1,1
"986_1",1,1,1,1,1,1,1
"987_1",1,1,1,1,1,1,1
"988_1",0,1,1,1,1,1,1
"989_1",1,1,1,1,1,1,1
"990_1",0,1,1,1,1,1,1
"991_1",0,1,1,0,1,1,0
"992_1",1,1,1,1,1,1,1
"993_1",0,0,0,0,0,1,1
"994_1",0,0,1,1,1,1,1
"995_1",0,1,1,1,1,1,1
"996_1",0,1,1,1,1,1,1
"997_1",0,1,0,0,0,1,1
"998_1",0,1,1,1,1,1,1
"999_1",1,1,1,1,1,1,1
"1000_1",0,1,1,1,1,1,1
"1001_0",0,0,0,0,0,1,0
"1002_1",0,0,1,1,0,1,1
"1003_1",1,1,1,1,1,1,1
"1004_1",1,1,1,1,1,1,1
"1005_1",0,0,0,0,1,0,1
"1006_1",1,1,1,1,1,1,1
"1007_1",0,1,0,0,0,1,1
"1008_1",0,0,1,1,1,1,1
"1009_1",1,1,1,1,1,1,1
"1010_1",1,0,1,1,1,1,1
"1011_1",1,1,1,1,1,1,1
"1012_1",1,1,1,1,1,1,1
"1013_1",1,1,1,1,1,1,1
"1014_1",1,1,1,1,1,1,1
"1015_1",1,1,1,1,1,1,1
"1016_1",0,0,0,1,1,1,1
"1017_1",0,0,1,1,1,1,1
"1018_1",1,1,1,1,0,1,0
"1019_1",0,1,1,1,1,1,1
"1020_1",1,1,1,1,1,1,1
"1020_2",1,1,1,1,1,1,1
"1021_1",1,1,1,1,1,1,1
"1022_1",1,1,1,1,1,1,1
"1023_1",1,1,1,1,1,1,1
"1024_1",1,1,1,1,1,1,1
"1025_1",0,1,1,1,1,1,1
"1026_1",0,0,1,1,0,1,1
"1027_1",1,1,1,1,1,1,1
"1028_1",1,0,1,1,1,1,1
"1028_2",0,1,1,0,1,0,0
"1029_1",0,0,0,0,0,1,1
"1030_1",1,1,1,1,1,1,1
"1031_1",0,0,1,1,1,1,1
"1032_1",0,0,1,1,1,1,1
"1033_1",0,0,0,0,0,1,1
"1034_1",0,0,1,0,0,1,1
"1035_1",1,1,1,1,1,1,1
"1036_1",1,1,1,1,1,1,1
"1037_1",0,1,1,1,1,1,1
"1038_1",1,1,1,1,1,1,1
"1039_1",0,1,1,1,1,1,1
"1040_1",1,1,1,1,1,1,1
"1041_1",1,1,1,1,1,1,1
"1042_1",0,1,1,1,1,1,1
"1043_1",0,0,1,1,1,1,1
"1044_1",0,1,1,1,1,1,1
"1045_1",0,1,0,1,1,1,1
"1046_1",0,0,0,0,1,1,1
"1046_2",0,0,1,1,1,0,1
"1047_1",0,1,1,1,1,1,1
"1048_1",1,1,1,1,1,1,1
"1049_1",1,1,1,1,1,1,1
"1050_1",0,1,1,1,1,1,1
"1051_1",0,1,1,1,1,1,1
"1052_0",0,0,0,0,0,1,0
"1053_1",1,1,1,1,1,1,1
"1054_1",0,0,1,1,1,1,1
"1055_1",1,1,1,1,1,1,1
"1056_1",0,0,1,1,1,1,1
"1057_1",1,1,1,1,1,1,1
"1058_1",1,1,1,1,1,1,1
"1059_1",0,1,1,1,1,1,1
"1060_1",0,1,1,1,1,1,1
"1061_1",0,1,1,1,1,1,1
"1062_1",1,1,1,1,1,1,1
"1063_1",1,1,1,1,1,1,1
"1064_1",0,1,1,1,1,1,1
"1065_1",1,1,1,1,1,1,1
"1066_1",1,1,1,1,1,1,1
"1067_1",1,1,1,1,1,1,1
"1068_1",1,1,1,1,1,0,0
"1069_1",0,1,1,1,1,1,1
"1070_0",0,0,0,1,0,0,0
"1071_1",1,1,1,1,1,1,1
"1072_1",1,1,1,1,1,1,1
"1073_1",1,1,1,1,1,1,1
"1074_1",0,1,1,1,1,1,1
"1075_1",1,1,1,1,1,1,1
"1076_1",1,1,1,1,1,1,1
"1077_1",1,1,1,1,1,1,1
"1078_1",1,1,1,1,1,1,1
"1079_1",1,1,1,1,1,1,1
"1080_1",1,1,1,1,1,1,1
"1081_1",1,0,1,1,1,1,1
"1082_1",1,1,1,1,1,1,1
"1083_1",1,1,1,1,1,1,1
"1084_1",1,0,1,1,1,1,1
"1085_1",0,1,1,1,1,1,1
"1086_1",0,1,1,1,1,1,1
"1087_1",0,1,1,1,1,1,1
"1088_0",0,0,0,0,0,1,0
"1089_1",0,0,0,1,1,1,1
"1090_0",0,0,0,0,0,0,1
"1091_1",0,1,1,1,1,1,1
"1092_1",0,0,1,1,1,1,1
"1093_1",1,1,1,1,1,1,1
"1094_1",0,0,0,0,0,1,1
"1095_1",0,1,1,1,1,1,1
"1096_1",1,1,1,1,1,1,1
"1097_1",1,1,1,1,1,1,1
"1098_1",0,0,0,0,1,0,1
"1099_1",0,1,1,1,1,1,1
"1100_1",1,1,1,1,1,1,1
"1101_1",0,0,1,1,1,1,1
"1102_1",0,0,1,1,1,1,1
"1103_1",1,1,1,1,1,1,1
"1104_1",1,1,1,1,1,1,1
"1105_1",1,1,1,1,1,1,1
"1106_1",0,1,1,1,1,1,1
"1107_1",0,1,1,1,1,1,1
"1107_2",0,0,1,1,1,1,1
"1108_1",1,1,1,1,1,1,1
"1109_1",0,0,0,0,1,1,1
"1110_1",1,1,1,1,1,1,1
"1110_2",1,1,1,1,1,1,1
"1111_1",0,0,0,0,0,1,1
"1112_1",0,1,1,1,1,0,1
"1113_1",1,1,1,1,1,1,1
"1114_1",1,1,1,1,1,1,1
"1115_1",0,1,1,1,1,1,1
"1116_1",0,0,0,1,1,1,1
"1117_1",0,0,0,1,0,1,1
"1118_1",0,0,0,1,1,1,1
"1119_1",1,1,1,1,1,1,1
"1120_1",0,0,0,0,1,1,0
"1121_1",0,1,1,1,1,1,1
"1121_2",0,1,0,0,1,1,1
"1121_3",0,0,0,0,0,0,1
"1122_0",0,0,0,0,0,0,1
"1123_1",0,1,1,1,1,1,1
"1124_1",0,1,1,0,1,1,1
"1125_1",1,1,1,1,1,1,1
"1126_1",0,1,1,0,1,1,1
"1127_1",1,1,1,1,1,1,1
"1128_0",0,0,0,0,0,0,1
"1129_1",0,0,0,0,1,1,1
"1130_1",1,1,1,1,1,1,1
"1131_1",1,1,1,1,1,1,1
"1132_1",1,1,1,1,1,1,1
"1133_1",1,1,1,1,1,1,1
"1134_1",1,1,1,1,1,1,1
"1135_1",1,1,1,0,0,1,1
"1136_1",1,1,1,1,1,1,1
"1137_1",1,1,1,1,1,1,1
"1138_1",1,1,1,1,1,1,1
"1139_1",0,1,1,1,1,1,1
"1140_1",1,1,1,1,1,1,1
"1141_1",0,1,1,1,1,1,1
"1142_1",0,1,1,1,1,1,1
"1143_1",1,1,1,1,1,1,1
"1144_0",0,0,0,0,0,0,1
"1145_1",0,1,0,1,1,1,1
"1146_0",0,0,1,0,0,0,0
"1147_1",0,0,1,0,1,1,0
"1148_1",0,0,0,1,1,1,1
"1149_1",0,1,1,1,1,1,1
"1150_1",0,0,1,1,1,1,1
"1151_1",0,1,0,1,1,1,1
"1152_1",0,0,0,0,1,1,1
"1153_1",0,0,0,0,0,1,1
"1154_1",0,0,0,0,0,1,1
"1155_1",0,1,1,1,1,1,0
"1156_0",0,0,0,0,0,0,1
"1157_1",0,1,1,0,0,0,0
"1158_1",0,1,1,1,1,0,0
"1159_1",0,1,1,1,1,1,1
"1160_1",0,1,1,1,1,1,1
"1161_1",0,1,1,1,1,1,1
"1162_1",0,1,0,0,1,1,1
"1163_1",1,1,1,1,1,1,1
"1164_1",1,1,1,1,1,1,1
"1165_1",0,1,0,0,1,1,1
"1166_1",1,1,1,1,1,0,1
"1167_1",0,1,0,1,1,1,1
"1168_1",0,0,0,1,1,1,1
"1169_1",1,1,1,1,1,1,1
"1170_1",0,1,1,1,1,1,1
"1171_1",1,1,1,1,1,1,1
"1172_0",0,0,0,0,0,0,1
"1173_1",1,1,1,1,1,1,1
"1174_1",0,0,1,1,1,1,1
"1175_1",1,1,1,1,1,1,1
"1176_1",1,1,1,1,1,1,1
"1177_1",1,1,1,1,1,1,1
"1178_1",0,1,1,1,1,1,1
"1179_1",1,1,1,1,1,1,1
"1180_1",0,1,1,1,1,1,1
"1181_1",1,1,1,1,1,1,1
"1182_1",1,1,1,1,1,1,1
"1183_1",1,1,1,1,1,1,1
"1184_1",0,0,0,0,1,0,1
"1185_0",0,0,0,0,0,0,1
"1186_1",1,1,1,1,1,1,1
"1187_1",1,1,1,1,1,1,1
"1188_1",0,1,1,1,1,1,1
"1189_1",0,0,0,0,0,1,1
"1190_1",0,0,0,0,1,0,1
"1191_0",0,0,1,0,0,0,0
"1192_1",0,0,0,1,1,1,1
"1193_1",0,1,1,1,1,1,1
"1194_1",1,1,1,1,1,1,1
"1195_1",1,1,1,1,1,1,1
"1196_1",0,1,1,1,1,1,1
"1197_1",0,0,1,1,1,1,1
"1198_1",1,1,1,1,1,1,1
"1199_1",1,1,1,1,1,1,1
"1200_1",1,1,1,1,1,1,1
"1201_1",1,1,1,1,1,1,1
"1202_1",1,1,1,1,1,1,1
"1203_1",1,1,1,1,1,1,1
"1204_1",1,1,1,1,1,1,1
"1205_1",1,1,1,1,1,1,1
"1206_1",0,1,1,1,1,1,1
"1207_1",1,1,1,1,1,1,1
"1208_1",0,0,0,0,0,1,1
"1209_1",1,1,1,1,1,1,1
"1210_1",1,1,1,1,1,1,1
"1211_1",1,1,1,1,1,1,1
"1212_1",1,1,1,1,1,1,1
"1213_1",1,1,1,1,1,1,1
"1214_1",1,0,1,1,1,1,1
"1215_1",1,1,1,1,1,1,1
"1216_1",1,1,0,1,1,1,1
"1217_1",1,1,1,1,1,1,1
"1218_0",0,0,1,0,0,0,0
"1219_1",0,0,0,1,1,1,1
"1220_1",1,1,1,1,1,1,1
"1221_1",0,1,1,1,1,1,1
"1222_1",1,1,1,1,1,1,1
"1223_1",0,0,0,1,1,0,1
"1224_1",1,1,1,1,1,1,1
"1225_1",1,1,1,1,1,1,1
"1226_1",0,1,1,1,1,1,1
"1226_2",0,0,1,0,0,0,0
"1227_1",0,0,1,1,1,1,1
"1228_1",0,0,0,1,0,1,1
"1229_1",0,1,1,1,1,1,1
"1230_1",0,0,1,1,1,1,1
"1231_1",0,0,0,0,1,1,0
"1232_1",0,1,1,1,1,1,1
"1233_1",0,0,0,0,0,1,1
"1233_2",1,1,1,1,1,1,1
"1234_1",1,1,1,1,1,1,1
"1235_1",1,1,1,1,1,1,1
"1236_1",0,1,1,1,1,1,1
"1237_1",1,1,1,1,1,1,1
"1238_1",0,0,1,0,1,0,0
"1239_1",1,1,1,1,1,1,1
"1240_1",1,1,1,1,1,1,1
"1241_1",1,1,1,1,1,1,1
"1242_1",0,0,0,0,1,0,1
"1243_1",1,1,1,1,1,1,1
"1244_1",1,1,1,1,1,0,0
"1245_1",0,1,0,1,1,1,1
"1246_0",0,0,1,0,0,0,0
"1247_1",1,1,1,1,1,1,1
"1248_1",1,1,1,1,1,1,1
"1249_1",0,1,1,1,1,1,1
"1250_1",0,1,0,1,1,1,1
"1251_0",0,0,0,0,0,1,0
"1252_1",1,1,1,1,1,1,1
"1253_1",0,1,0,1,1,0,0
"1254_1",0,1,0,1,1,1,1
"1255_1",1,1,1,1,1,1,1
"1256_0",0,0,0,0,0,1,0
"1257_0",1,0,0,0,0,0,0
"1258_1",1,1,1,1,1,1,1
"1258_2",1,1,1,1,1,1,1
"1259_1",1,1,1,1,1,1,1
"1260_1",1,1,1,1,1,1,1
"1261_1",1,1,1,1,1,1,1
"1261_2",1,1,1,1,1,1,1
"1262_1",1,1,1,1,1,1,1
"1263_1",1,1,1,1,1,1,1
"1264_1",0,0,1,0,1,1,1
"1265_0",0,0,0,0,0,0,1
"1266_1",0,0,0,1,1,1,1
"1267_0",0,0,0,0,0,0,1
"1268_1",1,1,1,1,1,1,1
"1269_1",0,1,1,1,1,0,0
"1270_1",0,1,1,1,1,1,1
"1271_1",1,1,1,1,1,1,1
"1271_2",1,1,1,1,1,1,1
"1272_1",1,1,1,1,1,1,1
"1273_1",0,0,0,1,1,1,1
"1274_1",0,0,0,1,1,1,1
"1275_1",1,1,1,1,1,1,1
"1276_1",0,0,0,0,0,1,1
"1277_1",0,0,0,1,1,1,0
"1278_1",0,1,1,1,1,1,1
"1279_1",0,0,0,0,1,0,1
"1280_1",1,1,1,1,1,1,1
"1281_0",0,0,0,0,0,0,1
"1282_1",1,1,1,1,1,1,1
"1283_1",1,1,1,1,1,1,1
"1283_2",1,1,1,1,1,1,1
"1284_1",1,1,1,1,1,1,1
"1285_1",1,1,1,1,1,1,1
"1286_1",1,1,1,1,1,1,1
"1287_1",0,0,0,0,1,1,0
"1288_1",1,1,1,1,1,1,1
"1289_1",0,0,0,0,0,1,1
"1290_1",0,0,1,0,1,0,1
"1291_0",0,0,0,0,0,1,0
"1292_0",0,0,0,0,0,0,1
"1293_1",1,1,1,1,1,1,1
"1294_1",1,1,1,1,1,1,1
"1295_1",0,1,1,1,1,1,1
"1296_1",1,1,1,1,1,1,1
"1297_1",1,1,1,1,1,1,1
"1298_1",1,1,1,1,1,1,1
"1299_1",1,1,1,1,1,1,1
"1300_1",0,1,1,1,1,1,1
"1301_1",1,1,1,1,1,1,1
"1302_1",1,1,1,1,1,1,1
"1303_1",1,1,1,1,1,1,1
"1304_1",0,1,1,1,1,1,1
"1305_1",0,1,1,0,0,1,1
"1306_1",1,1,1,1,1,1,1
"1307_1",1,1,1,1,1,1,1
"1308_1",1,1,1,1,1,1,1
"1309_1",1,1,1,1,1,1,1
"1310_1",0,1,1,1,1,1,1
"1311_1",0,0,0,0,0,1,1
"1312_1",0,0,0,1,1,1,1
"1313_1",1,1,1,1,1,1,1
"1314_0",0,1,0,0,0,0,0
"1315_1",0,0,0,1,1,0,0
"1315_2",0,0,0,1,1,1,1
"1316_0",0,0,0,0,0,0,1
"1317_1",1,1,1,1,1,1,1
"1318_1",0,1,1,1,1,0,1
"1319_1",0,0,0,0,1,1,1
"1319_2",0,1,1,1,1,1,1
"1320_1",1,1,1,1,1,1,1
"1321_1",0,0,0,1,1,1,1
"1322_1",1,1,1,1,1,1,1
"1323_1",1,1,1,1,1,1,1
"1323_2",1,1,1,1,1,1,1
"1324_1",1,1,1,1,1,1,1
"1325_1",1,1,1,1,1,1,1
"1326_1",0,1,1,1,1,1,1
"1327_1",1,1,1,1,1,1,1
"1328_1",1,1,1,1,1,1,1
"1329_1",1,1,1,1,1,1,1
"1330_1",0,0,1,0,1,1,1
"1331_0",0,0,0,0,0,0,1
"1332_1",1,1,1,1,1,1,1
"1333_1",1,1,1,1,1,1,1
"1334_1",0,1,0,1,0,1,1
"1335_1",1,1,1,1,1,1,1
"1336_1",0,0,1,1,1,1,1
"1337_1",1,1,1,1,1,1,1
"1338_1",1,1,1,1,1,1,1
"1339_1",1,1,1,1,1,1,1
"1340_1",1,1,1,1,1,1,1
"1341_0",0,0,0,0,0,1,0
"1342_1",0,1,1,1,1,1,1
"1343_0",0,0,0,0,1,0,0
"1344_1",1,1,1,1,1,1,1
"1345_1",0,1,1,1,1,1,1
"1346_1",1,1,1,1,1,1,1
"1347_1",1,1,1,1,1,1,1
"1348_1",0,0,0,0,0,1,1
"1349_1",0,1,1,1,1,0,1
"1350_1",1,1,1,1,1,1,1
"1351_1",1,1,0,0,0,0,1
"1352_1",1,1,1,1,1,1,1
"1353_1",0,0,0,0,0,1,1
"1354_1",1,1,1,1,1,1,1
"1355_1",1,0,1,0,1,1,1
"1356_1",0,0,0,0,0,1,1
"1357_1",0,0,0,0,0,1,1
"1358_1",1,1,1,1,1,1,1
"1359_1",1,0,0,1,1,1,1
"1360_1",1,1,1,1,1,1,1
"1361_1",1,1,1,1,1,1,1
"1362_1",1,1,1,1,1,1,1
"1363_1",1,1,1,1,1,1,1
"1364_1",1,1,1,1,1,1,1
"1365_1",1,1,1,0,0,0,1
"1366_0",0,0,0,0,0,0,1
"1367_0",0,0,0,0,0,0,1
"1368_1",1,1,1,1,1,1,1
"1369_1",1,1,1,1,1,1,1
"1370_1",1,1,1,1,1,1,1
"1371_1",0,1,1,1,1,1,1
"1372_1",0,1,0,1,0,0,0
"1373_1",1,1,1,1,1,1,1
"1374_0",0,0,0,0,0,0,1
"1375_1",1,1,1,1,1,1,1
"1376_1",0,1,1,1,1,1,1
"1377_1",1,1,1,1,1,1,1
"1378_1",1,1,0,0,0,0,0
"1379_1",0,0,1,0,0,1,1
"1380_1",1,0,1,0,1,1,1
"1381_1",1,1,1,1,1,1,1
"1382_0",0,0,0,0,0,1,0
"1383_1",0,0,1,0,0,1,1
"1384_1",0,0,1,1,1,0,1
"1385_1",0,0,1,0,1,0,1
"1386_1",1,1,1,1,1,1,1
"1387_1",0,1,1,1,1,1,1
"1388_1",1,1,1,1,1,1,1
"1389_1",1,1,1,1,1,1,1
"1390_1",1,1,1,0,1,0,1
"1391_1",1,1,1,1,1,1,1
"1392_1",0,0,1,1,0,0,0
"1393_1",1,1,1,1,1,1,1
"1394_1",1,0,1,1,1,1,1
"1395_1",0,0,1,1,1,1,1
"1396_1",1,1,1,1,1,1,1
"1397_1",1,1,1,1,1,1,1
"1398_1",1,1,1,0,1,1,0
"1399_1",1,1,1,1,1,1,1
"1400_0",0,1,0,0,0,0,0
"1401_1",1,1,1,1,1,1,1
"1402_1",1,1,1,0,1,1,1
"1403_0",0,0,0,0,0,0,1
"1404_0",0,0,0,0,0,0,1
"1405_1",1,1,1,1,1,1,1
"1406_1",1,1,1,1,1,1,1
"1407_1",1,1,1,1,1,1,1
"1408_1",1,1,1,1,1,1,1
"1409_1",1,1,1,0,1,0,1
"1410_1",1,1,1,1,1,1,1
"1411_1",0,0,0,1,1,1,1
"1412_1",1,1,1,1,1,1,1
"1413_1",1,1,1,1,1,1,1
"1414_1",1,1,1,1,1,1,1
"1415_1",1,0,1,1,1,1,1
"1416_1",0,1,1,1,1,1,1
"1417_1",1,1,1,1,1,1,1
"1418_1",1,1,1,0,0,1,0
"1419_1",0,0,1,1,1,1,1
"1420_1",1,1,1,1,1,1,1
"1421_1",1,1,1,1,1,1,1
"1422_0",1,0,0,0,0,0,0
"1423_1",1,1,1,1,1,1,1
"1424_1",1,1,1,1,1,1,1
"1425_1",1,1,1,1,1,1,1
"1426_1",1,1,1,1,1,1,1
"1427_1",0,0,1,0,0,1,0
"1428_1",0,0,1,0,0,1,1
"1429_1",0,0,1,1,0,1,1
"1430_1",0,0,0,0,0,1,1
"1431_1",0,1,0,1,1,1,1
"1432_0",0,0,1,0,0,0,0
"1433_1",1,1,1,1,1,1,1
"1434_1",1,1,1,1,1,1,1
"1434_2",1,1,1,1,1,1,1
"1435_1",1,1,1,1,1,1,1
"1436_1",1,1,1,1,1,1,1
"1436_2",1,1,1,1,1,1,1
"1437_1",1,1,1,1,1,1,1
"1438_1",1,1,1,1,1,1,1
"1439_1",1,1,1,1,1,1,1
"1440_1",1,1,1,1,1,1,1
"1441_1",1,1,1,1,1,1,1
"1442_1",1,1,1,1,1,1,1
"1443_1",1,1,1,1,1,1,1
"1444_1",1,1,1,1,1,1,1
"1445_1",1,0,1,1,1,1,1
"1446_1",1,1,1,1,1,1,1
"1447_1",1,1,1,1,1,1,1
"1447_2",1,1,1,1,1,1,1
"1448_1",1,1,1,1,1,1,1
"1449_1",1,1,1,1,1,1,1
"1450_1",0,0,1,1,1,1,1
"1451_1",1,1,1,1,1,1,1
"1452_1",1,1,1,1,1,1,1
"1452_2",1,1,1,1,1,1,1
"1453_1",0,1,1,0,1,0,1
"1454_1",0,1,0,0,1,0,0
"1455_1",1,1,1,1,1,0,0
"1456_1",1,1,1,1,1,1,1
"1456_2",1,1,1,1,1,1,1
"1457_1",0,1,1,1,1,1,1
"1458_1",0,0,1,1,1,0,1
"1458_2",0,1,1,1,1,1,1
"1458_3",0,1,0,1,1,1,1
"1459_1",1,1,1,1,1,1,1
"1460_1",0,0,1,1,1,1,1
"1461_1",0,0,0,0,0,1,1
"1462_1",1,1,1,1,1,1,1
"1463_1",1,1,1,1,1,1,1
"1464_1",1,1,1,1,1,1,1
"1464_2",0,1,1,1,1,1,1
"1465_1",1,1,1,1,1,1,1
"1466_1",1,1,1,1,1,1,1
"1467_1",1,1,1,1,1,1,1
"1468_1",1,1,1,1,1,1,1
"1469_1",1,1,1,1,1,1,1
"1470_1",1,1,1,1,1,1,1
"1471_1",1,1,1,1,1,1,1
"1472_1",0,1,1,1,1,1,1
"1473_1",1,1,1,1,1,1,1
"1474_1",1,1,1,1,1,1,1
"1475_1",0,0,0,1,1,0,1
"1476_1",1,1,1,1,1,1,1
"1477_1",1,1,1,1,1,1,1
"1478_1",1,1,1,1,1,1,1
"1479_1",1,1,1,1,1,1,1
"1480_1",1,1,1,1,1,1,1
"1481_1",1,1,1,1,1,1,1
"1482_1",1,1,1,1,1,1,1
"1483_1",1,1,1,1,1,1,1
"1484_1",1,1,1,1,1,1,1
"1485_1",1,1,1,1,1,1,1
"1485_2",1,1,1,1,1,1,1
"1486_1",0,1,1,1,1,1,1
"1487_1",0,0,0,0,0,1,1
"1488_1",1,1,1,1,1,1,1
"1488_2",1,1,1,1,1,1,1
"1489_1",1,1,1,1,1,1,1
"1490_1",1,1,1,1,1,1,1
"1491_1",1,1,1,1,1,1,1
"1492_1",1,1,1,1,1,1,1
"1493_1",1,1,1,1,1,1,1
"1494_1",1,1,1,1,1,1,1
"1495_1",1,1,1,1,1,1,1
"1496_1",0,0,0,0,0,1,1
"1497_1",0,1,1,1,1,1,0
"1498_1",1,1,1,1,1,1,1
"1499_1",0,0,0,0,1,1,1
"1500_1",1,1,1,1,1,1,1
"1501_1",1,1,1,1,1,1,1
"1502_1",1,1,1,1,1,1,1
"1503_1",1,1,0,0,0,0,1
"1504_1",1,1,1,1,1,1,1
"1505_1",1,0,1,1,1,1,1
"1506_1",1,1,1,1,1,1,1
"1507_1",1,1,1,1,1,1,1
"1508_1",1,1,1,0,1,1,1
"1509_1",1,1,1,1,1,1,1
"1510_0",0,0,0,0,0,0,1
"1511_0",0,0,0,0,0,0,1
"1512_1",0,1,1,1,1,1,1
"1513_1",0,1,1,1,1,1,1
"1514_1",1,1,1,1,1,1,1
"1514_2",1,1,1,1,1,1,1
"1515_1",1,1,1,1,1,1,1
"1516_1",1,1,1,1,1,1,1
"1517_1",1,0,0,1,0,0,1
"1517_2",1,1,1,1,1,1,1
"1518_1",1,1,1,1,1,1,1
"1519_1",1,1,1,1,1,1,1
"1520_1",0,1,1,1,1,1,1
"1521_1",1,1,1,1,1,1,1
"1522_1",1,1,1,1,1,1,1
"1523_1",1,1,1,1,1,1,1
"1524_1",1,1,1,1,1,1,1
"1525_1",0,1,0,0,1,1,1
"1526_1",0,1,1,1,1,0,0
"1527_1",1,1,1,1,1,1,1
"1528_1",0,1,0,1,1,1,1
"1529_1",1,1,1,1,1,1,1
"1530_1",0,1,0,1,1,1,1
"1531_1",1,1,1,1,1,1,1
"1532_1",1,1,1,1,1,1,1
"1533_1",1,1,1,1,1,1,1
"1534_1",1,1,1,1,1,1,1
"1535_1",1,1,1,1,1,1,1
"1536_1",1,1,1,1,1,1,1
"1537_1",1,1,1,1,1,1,1
"1538_1",1,1,1,1,1,1,1
"1539_1",1,1,1,1,1,1,1
"1540_1",0,1,1,1,1,1,1
"1541_1",1,1,1,1,1,1,1
"1542_1",1,1,1,1,1,1,1
"1543_1",1,0,1,1,1,1,1
"1544_0",0,0,0,0,0,0,1
"1545_1",1,1,1,1,1,1,1
"1546_0",0,1,0,0,0,0,0
"1547_1",1,1,1,1,1,1,1
"1548_1",1,0,1,1,1,1,1
"1549_1",1,1,1,1,1,1,1
"1550_1",1,1,1,1,1,1,1
"1551_1",0,1,1,1,1,1,1
"1552_1",1,1,1,1,1,1,1
"1553_1",1,1,1,1,1,1,1
"1554_1",1,0,0,0,0,1,0
"1555_1",0,0,0,0,1,0,1
"1556_1",1,1,1,1,1,1,1
"1557_1",0,1,1,0,0,1,1
"1558_1",1,1,0,1,0,1,1
"1559_1",0,0,0,0,1,1,1
"1560_1",1,1,0,0,0,1,1
"1561_1",0,0,0,1,1,1,1
"1562_1",0,1,0,1,1,1,1
"1563_1",0,0,1,0,1,1,1
"1564_1",0,0,1,1,1,1,1
"1565_1",0,0,1,1,1,1,1
"1566_0",1,0,0,0,0,0,0
"1567_1",1,1,1,1,1,1,1
"1568_1",0,0,0,1,1,1,1
"1569_1",1,1,1,1,1,1,1
"1570_1",1,1,1,1,1,1,1
"1571_1",1,1,1,1,1,1,1
"1572_1",1,1,1,1,1,1,1
"1573_1",1,1,1,1,1,1,1
"1574_1",1,1,1,1,1,1,1
"1575_1",1,1,1,1,1,1,1
"1576_1",1,1,1,1,1,1,1
"1577_1",1,1,0,0,0,0,0
"1578_0",1,0,0,0,0,0,0
"1579_1",1,1,1,1,1,1,1
"1580_1",0,0,0,0,0,1,1
"1581_1",0,1,0,0,1,1,1
"1582_1",0,1,1,1,1,1,1
"1583_0",0,0,0,0,0,0,1
"1584_1",1,1,1,1,1,1,1
"1585_1",0,1,1,1,1,0,1
"1586_1",0,1,0,1,0,0,1
"1587_1",1,1,1,1,1,1,1
"1588_1",1,1,1,1,1,1,1
"1589_1",1,1,1,1,1,1,1
"1590_1",1,0,0,1,0,0,0
"1591_0",1,0,0,0,0,0,0
"1592_1",0,1,0,1,0,0,0
"1592_2",1,0,1,1,1,1,1
"1593_1",1,1,1,1,1,1,1
"1594_1",1,1,1,1,1,1,1
"1595_1",1,1,1,1,1,1,1
"1596_1",1,1,1,1,1,1,1
"1597_0",1,0,0,0,0,0,0
"1598_1",0,0,0,0,0,1,1
"1599_1",1,1,1,1,1,1,1
"1600_1",0,0,1,1,1,1,0
"1601_1",1,1,1,1,1,1,1
"1602_1",0,1,1,0,1,0,0
"1603_1",0,0,0,1,1,0,0
"1604_1",0,1,1,1,1,1,1
"1605_1",1,1,1,1,1,1,1
"1606_1",1,1,1,1,1,1,1
"1607_1",1,1,1,1,1,1,1
"1608_1",0,1,1,1,1,1,1
"1609_1",1,1,1,1,1,1,1
"1610_1",0,0,0,1,0,0,1
"1611_1",0,1,1,1,1,1,1
"1612_1",1,1,1,1,1,1,1
"1613_1",1,1,0,1,1,1,1
"1614_1",0,0,1,1,0,0,0
"1615_1",0,1,1,1,1,1,1
"1616_1",1,1,1,1,1,1,1
"1617_0",0,0,0,0,0,1,0
"1618_1",1,1,1,1,1,1,1
"1619_1",1,1,1,1,1,1,1
"1620_1",0,1,1,1,1,1,1
"1621_1",0,0,0,0,1,1,1
"1622_1",1,1,1,1,1,1,1
"1623_1",0,0,0,1,1,0,0
"1624_1",1,1,1,1,1,1,1
"1625_1",1,1,1,1,1,1,1
"1626_1",1,1,1,1,1,1,1
"1627_1",1,1,1,1,1,1,1
"1628_1",1,1,1,1,1,1,1
"1629_1",1,1,1,1,1,1,1
"1629_2",1,1,1,1,1,1,1
"1629_3",1,1,1,1,1,1,1
"1630_1",0,1,1,1,1,1,1
"1631_1",1,1,1,1,1,1,1
"1632_1",1,1,1,1,1,1,1
"1633_1",1,0,0,0,0,0,1
"1634_1",1,0,0,1,1,1,1
"1635_1",1,1,0,0,0,1,1
"1636_1",1,1,1,1,1,1,1
"1637_1",1,1,1,1,1,1,1
"1638_1",1,1,1,1,1,1,1
"1639_1",0,1,0,1,1,1,1
"1640_1",0,0,1,0,1,1,1
"1641_1",1,1,1,1,1,1,1
"1642_1",0,0,1,1,1,1,0
"1643_1",0,0,1,1,1,0,1
"1644_1",1,1,1,1,1,1,1
"1645_1",1,1,1,1,1,1,1
"1646_1",0,1,0,1,0,1,1
"1647_1",1,1,1,1,1,1,1
"1648_1",1,1,1,1,1,1,1
"1649_1",1,1,1,1,1,1,1
"1650_1",0,0,1,1,0,0,1
"1651_1",1,0,0,1,1,1,1
"1652_1",1,1,1,1,1,1,1
"1653_1",1,1,1,1,1,1,1
"1654_1",0,1,0,0,1,1,0
"1655_1",1,1,1,1,1,1,1
"1656_1",1,1,1,1,1,1,1
"1657_1",1,1,1,1,1,1,1
"1658_0",1,0,0,0,0,0,0
"1659_1",1,1,0,0,1,1,0
"1660_1",1,1,1,1,1,1,1
"1661_1",1,1,1,1,1,1,1
"1662_1",0,1,1,1,1,1,1
"1663_1",1,1,1,1,1,1,1
"1664_1",1,1,1,1,1,1,1
"1664_2",1,1,1,1,1,1,1
"1665_1",1,1,1,1,1,1,1
"1666_1",1,1,1,1,1,1,1
"1667_1",0,1,0,0,1,1,1
"1668_1",1,1,1,1,1,1,1
"1669_1",1,1,1,1,1,1,1
"1669_2",1,1,1,1,1,1,1
"1670_1",0,0,0,0,1,1,1
"1671_1",1,1,1,1,1,1,1
"1672_1",0,0,0,1,0,1,1
"1672_2",1,1,1,1,1,1,1
"1673_1",0,0,1,0,1,0,1
"1674_1",0,1,1,0,0,0,1
"1675_1",1,0,1,1,1,1,1
"1676_1",1,1,1,1,1,1,1
"1677_1",1,1,1,1,1,1,1
"1678_1",1,1,1,1,1,1,1
"1679_1",1,1,1,1,1,1,1
"1680_1",0,1,0,0,1,0,1
"1681_1",1,1,1,1,0,1,0
"1682_1",0,0,0,1,0,1,0
"1683_1",1,1,1,1,1,1,1
"1684_1",0,1,1,1,0,0,0
"1685_0",0,0,0,0,1,0,0
"1686_0",0,0,1,0,0,0,0
"1687_1",0,0,1,1,1,1,1
"1688_0",0,0,0,0,0,0,1
"1689_1",1,1,1,0,0,0,0
"1690_1",1,1,1,1,1,1,1
"1690_2",1,1,0,0,0,0,1
"1690_3",0,0,0,1,0,0,0
"1691_1",0,0,0,0,0,1,1
"1692_1",0,0,0,1,0,0,1
"1692_2",0,1,1,1,1,1,1
"1693_1",0,1,1,0,0,1,1
"1694_1",0,1,0,1,0,0,0
"1694_2",0,0,0,0,0,1,1
"1695_1",1,1,1,1,1,1,1
"1695_2",1,1,1,1,1,1,1
"1696_1",1,1,1,1,1,1,1
"1697_1",1,1,1,0,1,0,0
"1698_1",1,1,1,1,1,1,1
"1699_1",1,1,1,1,1,1,1
"1700_1",1,1,1,1,1,1,1
"1701_1",1,1,0,0,0,1,1
"1701_2",1,1,1,1,1,1,1
"1701_3",0,0,0,0,0,1,0
"1702_1",1,1,1,1,1,1,1
"1703_1",0,0,0,0,0,1,1
"1704_1",1,1,1,1,1,1,1
"1704_2",1,1,1,1,1,1,1
"1705_1",0,0,0,1,1,1,1
"1706_1",1,1,1,1,1,1,1
"1707_1",1,1,1,1,1,0,1
"1708_1",1,1,1,1,1,1,1
"1709_0",0,0,0,0,0,0,1
"1710_1",1,0,1,1,1,1,1
"1711_1",1,1,1,1,1,1,1
"1712_1",1,1,1,1,1,1,1
"1713_1",1,1,1,1,1,1,1
