Sample_ID,PCoA1,PCoA2,Host
T1900045011_TC20190004,-0.00672461133941443,-0.12227835411098979,Tibetan_Cattle
T1900045013_TC20190006,0.04730396535387675,-0.09713311654428165,Tibetan_Cattle
T1900045019_TC20190012,-0.08013899035025335,-0.06618450198812026,Tibetan_Cattle
T1900045020_TC20190013,0.15675685603945913,-0.13356230847592335,Tibetan_Cattle
T1900045021_TC20190014,0.1385002282505292,-0.08951471017573412,Tibetan_Cattle
T1900045022_TC20190015,0.18851163966590967,-0.14050016782599306,Tibetan_Cattle
T1900045023_TC20190016,0.1709106404162182,-0.07194462016444764,Tibetan_Cattle
T1900045024_TC20190017,0.13839435610729006,-0.08080251158951796,Tibetan_Cattle
T1900045025_TC20190018,0.18433387068437626,-0.1235638155929219,Tibetan_Cattle
T1900045026_TC20190019,0.17167564484414918,-0.09532051554296665,Tibetan_Cattle
T1900045027_TC20190020,0.2213378554784494,-0.1498592171891217,Tibetan_Cattle
T1900045028_TC20190021,0.16162428470976098,-0.14378800226297828,Tibetan_Cattle
T1900045029_TC20190022,0.18511200739779465,-0.13710115897272462,Tibetan_Cattle
T1900045030_TC20190023,0.20870604576062668,-0.12452815441396559,Tibetan_Cattle
T1900045031_TC20190024,0.20358201479427865,-0.18500965156777033,Tibetan_Cattle
T1900045032_TC20190025,0.1722927295091457,-0.1354644369308156,Tibetan_Cattle
T1900045033_TC20190026,0.09815484169156445,-0.13247885986883767,Tibetan_Cattle
T1900045034_TC20190027,0.23987566050281267,-0.12592960866692515,Tibetan_Cattle
T1900045035_TC20190028,0.22170528612674598,-0.1262668019584167,Tibetan_Cattle
T1900045036_TC20190029,0.23348025920725968,-0.13967981196424778,Tibetan_Cattle
T1900045037_TC20190030,0.22708161020743808,-0.10232709793674624,Tibetan_Cattle
T1900045038_TC20190031,0.239464010992792,-0.16903209537046346,Tibetan_Cattle
T1900045039_TC20190032,0.1969639283434501,-0.1059894249017576,Tibetan_Cattle
T1900045040_TC20190033,0.18482502592189548,-0.09928220888280533,Tibetan_Cattle
T1900045041_TC20190034,0.24158216016874823,-0.12674131082970444,Tibetan_Cattle
T1900045042_TC20190035,0.24172714105334758,-0.11984561030061873,Tibetan_Cattle
T1900045043_TC20190036,0.19175069818948673,-0.11629433658565078,Tibetan_Cattle
T1900045044_TC20190037,0.22719810204891122,-0.08780047229652721,Tibetan_Cattle
T1900045045_TC20190038,0.2290272602616964,-0.11253085552498421,Tibetan_Cattle
T1900045046_TC20190039,0.23961821107907977,-0.17140782884235112,Tibetan_Cattle
T1900045048_TC20190041,0.13999264436606906,-0.1605485487635445,Tibetan_Cattle
T1900045049_TC20190042,0.18083167031744185,-0.07828802451271524,Tibetan_Cattle
T1900045050_TC20190043,0.16096165358987097,-0.08176206772667312,Tibetan_Cattle
T1900045051_TC20190044,0.1903986536930876,-0.11649252472261176,Tibetan_Cattle
T1900045053_TC20190046,0.2168346063549918,-0.13866814592663287,Tibetan_Cattle
T1900045054_TC20190047,0.14741260183308108,-0.14287184719407192,Tibetan_Cattle
T1900045055_TC20190048,0.1667398976265778,-0.13536102942052058,Tibetan_Cattle
T1900045056_TC20190049,0.12533645641454186,-0.08113938872174302,Tibetan_Cattle
T1900045058_TC20190051,0.1291254781573693,-0.11079677651740621,Tibetan_Cattle
T1900045060_TC20190053,0.2327587031240047,-0.14759519521627695,Tibetan_Cattle
T1900045061_TC20190054,0.17357915340724203,-0.06757641355552574,Tibetan_Cattle
T1900045063_TC20190056,0.18263491326932615,-0.16011244952190593,Tibetan_Cattle
T1900045064_TC20190058,0.18946342092831667,-0.07854097936272382,Tibetan_Cattle
T1900045065_TC20190059,0.17487756285463069,-0.0902057926645078,Tibetan_Cattle
T1900045066_TC20190060,0.21592605792378217,-0.0996208639903986,Tibetan_Cattle
T1900045067_TC20190061,0.1284651373335785,9.025368720056435e-4,Tibetan_Cattle
T1900045068_TC20190062,0.17103219727454025,-0.10138109684486392,Tibetan_Cattle
T1900045070_TC20190064,0.1367369498566645,-0.16787423971080767,Tibetan_Cattle
T1900045071_TC20190065,0.16071710961123953,-0.0804820980114168,Tibetan_Cattle
T1900045072_TC20190066,0.20801444963637017,-0.1468227058438257,Tibetan_Cattle
T1900045073_TC20190067,0.22073809575192954,-0.14827301119753675,Tibetan_Cattle
T1900045074_TC20190068,0.18562676118617316,-0.09984672160371912,Tibetan_Cattle
T1900045075_TC20190069,0.1899566054148927,-0.11218156653104432,Tibetan_Cattle
T1900045076_TC20190070,0.18562085081243967,-0.12628722810709234,Tibetan_Cattle
T1900045077_TC20190071,0.17288669781407562,-0.06976852278800157,Tibetan_Cattle
T1900045078_TC20190072,0.2285126057867947,-0.17493661953446865,Tibetan_Cattle
T1900045079_TC20190073,0.18415693840859954,-0.11819826460987445,Tibetan_Cattle
T1900045080_TC20190074,0.14910642484053918,-0.16297471518237625,Tibetan_Cattle
T1900045081_TC20190075,0.19055755550690845,-0.11654290352580432,Tibetan_Cattle
T1900045082_TC20190076,0.13806333914038682,-0.09131236193013516,Tibetan_Cattle
T1900045083_TC20190077,0.18175084713837739,-0.11987903132636855,Tibetan_Cattle
T1900045084_TC20190078,0.20415255568314128,-0.11273496496012513,Tibetan_Cattle
T1900045085_TC20190079,0.21744227353245385,-0.12374538228147897,Tibetan_Cattle
T1900045086_TC20190080,0.13877723099081632,-0.07719324024711724,Tibetan_Cattle
T1900045087_TC20190081,0.1596348764283699,-0.14104418867583343,Tibetan_Cattle
T1900045088_TC20190082,0.13048478250068093,-0.06222309250769597,Tibetan_Cattle
T1900045089_TC20190083,0.13426735607764553,-0.08142758101030896,Tibetan_Cattle
T1900045090_TC20190084,0.1863559428526957,-0.06220175692120363,Tibetan_Cattle
T1900045091_TC20190085,0.1253775463687482,0.010551013899956154,Tibetan_Cattle
T1900045092_TC20190086,0.19132036593927196,-0.10806646178154505,Tibetan_Cattle
T1900045094_TC20190088,0.14421481228168628,-0.12393215779703165,Tibetan_Cattle
T1900045095_TC20190089,0.2378681978392832,-0.1263974092872485,Tibetan_Cattle
T1900045096_TC20190090,0.21728544488287022,-0.15437407586116508,Tibetan_Cattle
T1900045097_TC20190091,0.14111924331721706,-0.12269868516524271,Tibetan_Cattle
T1900045098_TC20190092,0.16737833874333005,-0.12282060686701213,Tibetan_Cattle
T1900045099_TC20190093,0.21793690809618196,-0.12351958791024169,Tibetan_Cattle
T1900045100_TC20190094,0.17991585570892835,-0.11570477876554701,Tibetan_Cattle
T1900045101_TC20190095,0.1283846605228445,-0.05784637482683399,Tibetan_Cattle
T1900045102_TC20190096,0.17875680587282378,-0.12970594181791611,Tibetan_Cattle
T1900045103_TC20190097,0.13767573307660885,-0.09463752767052644,Tibetan_Cattle
T1900045104_TC20190098,0.19500001201070533,-0.14988997967517287,Tibetan_Cattle
T1900045105_TC20190099,0.19407555040369714,-0.11927142663247021,Tibetan_Cattle
T1900045106_TC20190100,0.18026815902777682,-0.16168115292365476,Tibetan_Cattle
T1900045107_TC20190101,0.18544595067160116,-0.1310681023083794,Tibetan_Cattle
T1900045108_TC20190102,0.2166630670506495,-0.1386824417879289,Tibetan_Cattle
T1900045109_TC20190103,0.21746789984406378,-0.10592170253275067,Tibetan_Cattle
T1900045110_TC20190104,0.12366800021035672,-0.08684928140885266,Tibetan_Cattle
T1900045111_TC20190105,0.2188789134333812,-0.13524608271559738,Tibetan_Cattle
T1900045112_TC20190106,0.1330867770636957,-0.07559858748945116,Tibetan_Cattle
T1900045113_TC20190107,0.18961744387123627,-0.14374978815316658,Tibetan_Cattle
T1900045114_TC20190108,0.2418422009666775,-0.1805590333988554,Tibetan_Cattle
T1900045115_TC20190109,0.2583815066108863,-0.1461764857081493,Tibetan_Cattle
T1900045116_TC20190110,0.2185789679052838,-0.1399422711616332,Tibetan_Cattle
T1900045117_TC20190111,0.23255944682417518,-0.18703378382310226,Tibetan_Cattle
T1900045118_TC20190112,0.19437055943450873,-0.09557505217865059,Tibetan_Cattle
T1900045119_TC20190113,0.24532853280414915,-0.16768364029089344,Tibetan_Cattle
T1900045120_TC20190114,0.2527987921303504,-0.15233906452759496,Tibetan_Cattle
T1900045121_TC20190115,0.2512197297352326,-0.15266370919709726,Tibetan_Cattle
T1900045122_TC20190116,0.25237067242446903,-0.16372942124585274,Tibetan_Cattle
T1900045123_TC20190117,0.1397402764714393,-0.15347659380888604,Tibetan_Cattle
T1900045124_TC20190118,0.20716664727227682,-0.12292431778937482,Tibetan_Cattle
T1900045125_TC20190119,0.24079109309963864,-0.15742210446248336,Tibetan_Cattle
T1900045126_TC20190120,0.25313866363398413,-0.14865380795359837,Tibetan_Cattle
T1900045127_TC20190121,0.18268158733880321,-0.05294553929602099,Tibetan_Cattle
T1900045128_TC20190122,0.16932712793011667,-0.13362184105445757,Tibetan_Cattle
T1900045129_TC20190123,0.22442870383748817,-0.1453711034740607,Tibetan_Cattle
T1900045130_TC20190124,0.19058997673439454,-0.0663522161448594,Tibetan_Cattle
T1900045131_TC20190125,0.17178345310514662,-0.13963369360384956,Tibetan_Cattle
T1900045132_TC20190126,0.16921141510365412,-0.09306432588400305,Tibetan_Cattle
T1900045133_TC20190127,-7.740545020575017e-4,-0.1808291364853424,Tibetan_Cattle
T1900045135_TC20190129,0.19594124022992232,-0.10618626003193808,Tibetan_Cattle
T1900045136_TC20190130,0.21088286152445676,-0.09297959619118125,Tibetan_Cattle
T1900045137_TC20190131,0.19202043835962787,-0.08329917674646668,Tibetan_Cattle
T1900045138_TC20190132,0.20505270471637801,-0.10769217020712789,Tibetan_Cattle
T1900045139_TC20190133,0.19355343777537223,-0.1150587399035439,Tibetan_Cattle
T1900045140_TC20190134,0.18455272941191858,-0.0565481334536552,Tibetan_Cattle
T1900045141_TC20190135,0.2322917404785046,-0.10207664691522855,Tibetan_Cattle
T1900045142_TC20190136,0.18990362166476896,-0.150233396153329,Tibetan_Cattle
T1900045143_TC20190137,0.052723409476712335,-0.14738035459643367,Tibetan_Cattle
T1900045144_TC20190138,0.16799667854334002,-0.1553387516580166,Tibetan_Cattle
T1900045145_TC20190139,0.17304465169944425,-0.11924959523554073,Tibetan_Cattle
T1900045146_TC20190140,0.2165049356740098,-0.09765398877683647,Tibetan_Cattle
T1900045147_TC20190141,0.17899344437455444,-0.07707766800187249,Tibetan_Cattle
T1900045148_TC20190142,0.19813045258313053,-0.1409530820950819,Tibetan_Cattle
T1900045149_TC20190143,0.17286949756351933,-0.06732384252506736,Tibetan_Cattle
T1900045150_TC20190144,0.13192211032176637,-0.08007016455886987,Tibetan_Cattle
T1900045151_TC20190145,0.24177278777443056,-0.15644470733921062,Tibetan_Cattle
T1900045153_TC20190147,0.17804722947179596,-0.12484111576716635,Tibetan_Cattle
T1900045154_TC20190148,0.2245455401377671,-0.12028014459547433,Tibetan_Cattle
T1900045155_TC20190149,0.16621709960840125,-0.1632386654588964,Tibetan_Cattle
T1900045156_TC20190150,0.1709879711345749,-0.06283671460875563,Tibetan_Cattle
T1900045157_TC20190151,0.15239539556770432,-0.07777901191189655,Tibetan_Cattle
T1900045158_TC20190152,0.17540076376810304,-0.0707940873813755,Tibetan_Cattle
T1900045159_TC20190153,0.13487327120992262,-0.05642852245125816,Tibetan_Cattle
T1900045160_TC20190154,0.13664551559907084,-0.08547335873421273,Tibetan_Cattle
T1900045161_TC20190155,0.09578935323407271,-0.1122038400390799,Tibetan_Cattle
T1900045162_TC20190156,0.15119021554331247,-0.05867025248483916,Tibetan_Cattle
T1900045163_TC20190157,0.15705145230800327,-0.07108864003391199,Tibetan_Cattle
T1900045164_TC20190158,0.16408979815050076,-0.06327799979398667,Tibetan_Cattle
T1900045165_TC20190159,0.11740933919406019,-0.026389997807620882,Tibetan_Cattle
T1900045166_TC20190160,0.0033997796237606407,-0.07276563274633702,Tibetan_Cattle
T1900045167_TC20190161,0.19770645977389703,-0.1021313496774931,Tibetan_Cattle
T1900045168_TC20190162,0.14750482083840197,-0.10981397077226336,Tibetan_Cattle
T1900045170_TC20190164,0.16275988002863523,-0.10548261732311746,Tibetan_Cattle
T1900045171_TC20190165,0.18796145234957398,-0.09129735468057172,Tibetan_Cattle
T1900045172_TC20190168,0.07065470639995527,0.00774887800953714,Tibetan_Cattle
T1900045173_TC20190169,0.13641897963691557,0.010376750255187911,Tibetan_Cattle
T1900045174_TC20190170,0.15703634198599375,0.0035344725037463635,Tibetan_Cattle
T1900045175_TC20190171,0.15808816593030386,-0.006639218497983895,Tibetan_Cattle
T1900045176_TC20190172,0.1200597403311852,0.01108860317247546,Tibetan_Cattle
T1900045178_TC20190174,0.13128234169174327,0.013744543610991637,Tibetan_Cattle
T1900045179_TC20190175,0.08347070538337276,0.023191870327967726,Tibetan_Cattle
T1900045180_TC20190176,0.01853987870476385,-0.002751666221160849,Tibetan_Cattle
T1900045181_TC20190177,0.10052871628804882,0.024496796226196577,Tibetan_Cattle
T1900045182_TC20190178,0.12350584454743578,-0.013937731193081244,Tibetan_Cattle
T1900045183_TC20190179,0.1409075818363695,0.02581416959555585,Tibetan_Cattle
T1900045184_TC20190180,0.10270205865702815,0.01233595465013472,Tibetan_Cattle
T1900045185_TC20190181,0.12998028294915098,0.026828775107708692,Tibetan_Cattle
T1900045186_TC20190182,-0.019333911000960026,-0.03229310532797261,Tibetan_Cattle
T1900045187_TC20190183,0.13864172145870024,-3.0842750148000716e-4,Tibetan_Cattle
T1900045188_TC20190184,0.018010744738686878,-0.07969099367250478,Tibetan_Cattle
T1900045189_TC20190185,-0.011799931084219183,-0.15316520440990727,Tibetan_Cattle
T1900045190_TC20190186,-0.0742235436064972,-0.14019747796689566,Tibetan_Cattle
T1900045192_TC20190188,-0.11041330742245876,-0.1930486310146567,Tibetan_Cattle
T1900045193_TC20190189,2.861279456806913e-4,-0.09287715041030578,Tibetan_Cattle
T1900045194_TC20190190,0.12257979118446771,-0.01641867725806893,Tibetan_Cattle
T1900045195_TC20190191,-0.11440673829144991,-0.1660779732645299,Tibetan_Cattle
T1900045198_TC20190194,-0.18753119705659704,-0.21914342652299101,Tibetan_Cattle
T1900045199_TC20190195,-0.0922533644006012,-0.15826024596401755,Tibetan_Cattle
T1900045200_TC20190196,-0.05915543364764925,-0.13390065306560794,Tibetan_Cattle
T1900045201_TC20190197,-0.04403023945780797,-0.1324198440150211,Tibetan_Cattle
T1900045202_TC20190198,0.0952239466928268,-0.026421297933833694,Tibetan_Cattle
T1900045203_TC20190199,-0.036224117240481475,-0.10623442611313903,Tibetan_Cattle
T1900045204_TC20190200,-0.031466567460989775,-0.0824095102652176,Tibetan_Cattle
T1900045206_TC20190202,0.07568142029301353,-0.09247607317510859,Tibetan_Cattle
T1900045208_TC20190204,-0.08129900759788077,-0.13803652476890724,Tibetan_Cattle
T1900045209_TC20190205,-0.03424215578777712,-0.12948850437986012,Tibetan_Cattle
T1900045211_TC20190207,0.05446231895716464,-0.08142834553510035,Tibetan_Cattle
T1900045213_TC20190209,0.12359303986030533,-0.04396032921251387,Tibetan_Cattle
T1900045214_TC20190210,0.16772168170367513,-0.04164671988297241,Tibetan_Cattle
T1900045215_TC20190211,-0.058456386827355315,-0.08489764051483013,Tibetan_Cattle
T1900045216_TC20190212,0.006794677908728853,-0.05418086343024063,Tibetan_Cattle
T1900045217_TC20190213,-0.09829850090444438,-0.15794171853531888,Tibetan_Cattle
T1900045218_TC20190214,-0.08764599601166292,-0.1603258898253654,Tibetan_Cattle
T1900045219_TC20190215,0.007472396720369386,-0.052415989753774955,Tibetan_Cattle
T1900045220_TC20190216,0.07298068460572496,-0.06624583992095752,Tibetan_Cattle
T1900045223_TC20190219,0.11612802840807938,-0.03226032779113609,Tibetan_Cattle
T1900045224_TC20190220,0.15573523975686934,-0.03876084700530312,Tibetan_Cattle
T1900045225_TC20190221,-0.049790209791798816,-0.11315995386395847,Tibetan_Cattle
T1900045226_TC20190222,0.09807573722380601,-0.0805546054608238,Tibetan_Cattle
T1900045227_TC20190223,-0.06146878221251853,-0.1528145641040158,Tibetan_Cattle
T1900045229_TC20190225,-0.008820511308938916,-0.09928807379225174,Tibetan_Cattle
T1900045773_TC20190227,0.1533331257245127,-0.0565445562551642,Tibetan_Cattle
T1900045774_TC20190228,0.06067720481241795,-0.013982290269033032,Tibetan_Cattle
T1900045775_TC20190229,0.15100451871162066,-0.06117189558403139,Tibetan_Cattle
T1900045776_TC20190230,0.1483554367036197,-0.06568713509788891,Tibetan_Cattle
T1900045312_YK20190001,-0.11857875560955712,0.16189207662174443,Tibetan_Yak
T1900045313_YK20190002,-0.058852467575527936,0.20939830271851484,Tibetan_Yak
T1900045314_YK20190003,-0.1635691813883037,0.09843683568874129,Tibetan_Yak
T1900045315_YK20190004,-0.11968550437620783,0.14712653880829904,Tibetan_Yak
T1900045316_YK20190005,-0.05293958210905315,0.21147996639183098,Tibetan_Yak
T1900045317_YK20190006,-0.1622459649880929,0.05754276992577843,Tibetan_Yak
T1900045318_YK20190007,-0.12571100364772833,0.17213143804546865,Tibetan_Yak
T1900045319_YK20190008,-0.17218572188592757,0.12908065582260156,Tibetan_Yak
T1900045320_YK20190009,-0.09342676328354813,0.1907046232975484,Tibetan_Yak
T1900045321_YK20190010,-0.051469644418708806,0.21043493379026942,Tibetan_Yak
T1900045322_YK20190011,-0.0673532295325921,0.20385560384586554,Tibetan_Yak
T1900045323_YK20190012,-0.16147508709498676,0.05945070479014357,Tibetan_Yak
T1900045324_YK20190013,-0.18376446983142136,0.08163109174847377,Tibetan_Yak
T1900045325_YK20190014,-0.13273304118377177,0.1681385724440063,Tibetan_Yak
T1900045326_YK20190015,-0.12382913948614889,0.17452872272011644,Tibetan_Yak
T1900045327_YK20190016,-0.058625773814160315,0.20729441386175304,Tibetan_Yak
T1900045328_YK20190017,-0.08609206217919654,0.20133135375353245,Tibetan_Yak
T1900045329_YK20190018,-0.14378981002426616,0.15923597797671307,Tibetan_Yak
T1900045330_YK20190019,-0.12689665593962138,0.1456183161140671,Tibetan_Yak
T1900045331_YK20190020,-0.1129392219338855,0.1457453617244412,Tibetan_Yak
T1900045332_YK20190021,-0.07408077651369342,0.21126162708310994,Tibetan_Yak
T1900045333_YK20190022,-0.07607719464534056,0.18926451725576043,Tibetan_Yak
T1900045334_YK20190023,-0.06970746930305007,0.20453533476683455,Tibetan_Yak
T1900045335_YK20190024,-0.13512357927889032,0.1711808272655376,Tibetan_Yak
T1900045336_YK20190025,-0.11813909760827138,0.17869887532562856,Tibetan_Yak
T1900045337_YK20190026,-0.17623316312187048,0.12409384064874442,Tibetan_Yak
T1900045338_YK20190027,-0.11679301918247188,0.1575626405710752,Tibetan_Yak
T1900045339_YK20190028,-0.13027480872944122,0.19226353717507821,Tibetan_Yak
T1900045340_YK20190030,-0.10750450713148108,0.18109868356643957,Tibetan_Yak
T1900045341_YK20190031,-0.08068431428486879,0.1782147964155555,Tibetan_Yak
T1900045342_YK20190032,-0.12530619327444506,0.14480149038941106,Tibetan_Yak
T1900045343_YK20190033,-0.1015543679276445,0.18709567190112608,Tibetan_Yak
T1900045344_YK20190034,-0.11395205183749574,0.17936258303847893,Tibetan_Yak
T1900045345_YK20190035,-0.12077552344160902,0.17114762128737865,Tibetan_Yak
T1900045346_YK20190036,-0.09698311771981687,0.18025716549352894,Tibetan_Yak
T1900045347_YK20190037,-0.11087614602831822,0.17701461760474535,Tibetan_Yak
T1900045348_YK20190038,-0.07950037593593914,0.2032747894405913,Tibetan_Yak
T1900045349_YK20190039,-0.09332260582327524,0.17417827887084741,Tibetan_Yak
T1900045350_YK20190040,-0.1376918398662108,0.1464474115598769,Tibetan_Yak
T1900045351_YK20190041,-0.06432878542410482,0.20214729598269982,Tibetan_Yak
T1900045352_YK20190042,-0.13825959281561864,0.18391553447434558,Tibetan_Yak
T1900045353_YK20190043,-0.10844393942446838,0.1793200991831341,Tibetan_Yak
T1900045354_YK20190044,-0.1462088627250595,0.15795888088925084,Tibetan_Yak
T1900045355_YK20190045,-0.04101761566954892,0.2132425956911429,Tibetan_Yak
T1900045356_YK20190046,-0.1206885339522017,0.17023010681231537,Tibetan_Yak
T1900045357_YK20190047,-0.05928431018956,0.2056609096645643,Tibetan_Yak
T1900045358_YK20190048,-0.047736141463212756,0.20680437159659906,Tibetan_Yak
T1900045359_YK20190049,-0.13046999181585875,0.13330554771096137,Tibetan_Yak
T1900045360_YK20190050,-0.054394980721326903,0.2049219113109223,Tibetan_Yak
T1900045361_YK20190051,0.04783528603279447,0.014726582320052417,Tibetan_Yak
T1900045362_YK20190052,-0.2543456849653022,-0.03997090505601901,Tibetan_Yak
T1900045363_YK20190053,-0.294664921955023,-0.20846938146458524,Tibetan_Yak
T1900045364_YK20190054,-0.2785563974410748,-0.09040209333919864,Tibetan_Yak
T1900045365_YK20190055,-0.34655823653801693,-0.18965980304686672,Tibetan_Yak
T1900045366_YK20190056,-0.19493365074899363,-0.16932022267712676,Tibetan_Yak
T1900045367_YK20190057,-0.11664693248298422,-0.06953527102048881,Tibetan_Yak
T1900045368_YK20190058,-0.33243951005842853,-0.18186125841364154,Tibetan_Yak
T1900045369_YK20190059,-0.2683061605197824,-0.06548047278831305,Tibetan_Yak
T1900045371_YK20190061,-0.33233633137321905,-0.15058069605664443,Tibetan_Yak
T1900045373_YK20190063,-0.3333746356327388,-0.1303863748210219,Tibetan_Yak
T1900045375_YK20190065,-0.14957734843375164,-0.07939810999191847,Tibetan_Yak
T1900045376_YK20190066,-0.11101496923130619,-0.07825972468645444,Tibetan_Yak
T1900045378_YK20190068,-0.21266178467950428,-0.06932847367608852,Tibetan_Yak
T1900045380_YK20190070,-0.21037404203637045,-0.07454885244378716,Tibetan_Yak
T1900045381_YK20190071,-0.31854336197280064,-0.15046193838261904,Tibetan_Yak
T1900045382_YK20190072,-0.31321832212302625,-0.14802866483898974,Tibetan_Yak
T1900045384_YK20190074,-0.26984726346169324,-0.11396336776213946,Tibetan_Yak
T1900045385_YK20190075,-0.1783536272117627,-0.04713604068073255,Tibetan_Yak
T1900045386_YK20190076,-0.1515570013456642,-0.08716816919547282,Tibetan_Yak
T1900045388_YK20190078,-0.28425551512872943,-0.13297181952449477,Tibetan_Yak
T1900045389_YK20190079,-0.316556320423327,-0.1924311782747209,Tibetan_Yak
T1900045390_YK20190080,-0.249084037966902,-0.13815484791587682,Tibetan_Yak
T1900045391_YK20190081,-0.26900443128506246,-0.125986684898106,Tibetan_Yak
T1900045392_YK20190082,-0.09921461070403145,-0.027085219030927192,Tibetan_Yak
T1900045393_YK20190083,-0.26350890997222587,-0.12429604236778473,Tibetan_Yak
T1900045394_YK20190084,-0.18503292372291763,-0.09277580373120362,Tibetan_Yak
T1900045395_YK20190085,-0.2601284746330792,-0.0744694725240713,Tibetan_Yak
T1900045396_YK20190086,-0.29600013554742516,-0.16310854433342342,Tibetan_Yak
T1900045397_YK20190087,-0.09947180673688005,-0.05800729151999809,Tibetan_Yak
T1900045398_YK20190088,-0.21266074213541625,-0.15445888602994937,Tibetan_Yak
T1900045399_YK20190089,-0.2069491222592783,-0.06259564448105592,Tibetan_Yak
T1900045400_YK20190090,-0.2957966311463258,-0.16752132396123853,Tibetan_Yak
T1900045403_YK20190093,-0.26084234935667294,-0.1367731619168193,Tibetan_Yak
T1900045404_YK20190094,-0.15181864956518612,-0.017606666907015126,Tibetan_Yak
T1900045406_YK20190096,-0.15675422698245514,-0.06253359351406415,Tibetan_Yak
T1900045407_YK20190097,-0.03688201917366126,0.11173754130209702,Tibetan_Yak
T1900045408_YK20190098,-0.04159726503316631,0.09496848885900593,Tibetan_Yak
T1900045409_YK20190099,-0.059820545432287445,0.08264267087358333,Tibetan_Yak
T1900045410_YK20190100,-0.002510153853086651,0.11615253087913059,Tibetan_Yak
T1900045411_YK20190101,-0.037147789684056555,0.11637107208599864,Tibetan_Yak
T1900045412_YK20190102,0.0332119890501855,0.08078123675756964,Tibetan_Yak
T1900045413_YK20190103,0.04651076541133942,0.09210205132150981,Tibetan_Yak
T1900045414_YK20190104,-0.024388431083365587,0.09698241594170662,Tibetan_Yak
T1900045415_YK20190105,0.03208791001915322,0.08983248470657511,Tibetan_Yak
T1900045416_YK20190106,0.013112631748271207,0.08544460284514559,Tibetan_Yak
T1900045417_YK20190107,-0.01508380245624859,0.09188024120896317,Tibetan_Yak
T1900045418_YK20190108,0.03542182036925684,0.09441965456072766,Tibetan_Yak
T1900045419_YK20190109,-0.029474375690630137,0.12449028641087846,Tibetan_Yak
T1900045420_YK20190110,0.054949406128418324,0.11122035846121953,Tibetan_Yak
T1900045421_YK20190111,-0.007131432733383944,0.10132243725813511,Tibetan_Yak
T1900045422_YK20190112,0.025389241900752906,0.0762691177367817,Tibetan_Yak
T1900045423_YK20190113,0.005334804318267691,0.11401332774271052,Tibetan_Yak
T1900045424_YK20190115,0.007299197517454491,0.08223893736677541,Tibetan_Yak
T1900045425_YK20190116,-8.121373480317843e-4,0.13581602501927034,Tibetan_Yak
T1900045426_YK20190117,-0.07986258038123185,0.1048319480325113,Tibetan_Yak
T1900045427_YK20190118,0.033623483867809806,0.11288566800343999,Tibetan_Yak
T1900045428_YK20190119,-0.004242477651103119,0.10858539750783809,Tibetan_Yak
T1900045429_YK20190120,-0.005036241200664452,0.08339286124181888,Tibetan_Yak
T1900045430_YK20190121,0.08757737307792943,0.06666037305138102,Tibetan_Yak
T1900045432_YK20190123,0.04242307461978774,0.09843415942497592,Tibetan_Yak
T1900045433_YK20190124,0.03877590000883931,0.09608338473302379,Tibetan_Yak
T1900045435_YK20190126,-0.013796207592491169,0.11759645818559242,Tibetan_Yak
T1900045436_YK20190127,0.008744292118911047,0.11162048208274776,Tibetan_Yak
T1900045441_YK20190132,0.024893165766288295,0.08896273995830617,Tibetan_Yak
T1900045442_YK20190133,0.003922682731158754,0.05942962344965612,Tibetan_Yak
T1900045443_YK20190134,0.08914868442075712,0.061583497024190165,Tibetan_Yak
T1900045445_YK20190136,-0.07415076935336166,0.07107496406498545,Tibetan_Yak
T1900045446_YK20190137,-0.10311740447912325,0.07711126274657261,Tibetan_Yak
T1900045447_YK20190138,-0.09366183138996155,-0.15409151504794905,Tibetan_Yak
T1900045448_YK20190139,-0.031524818135247136,-0.09594645358612612,Tibetan_Yak
T1900045449_YK20190140,0.0015411715433662455,-0.12429963967435037,Tibetan_Yak
T1900045450_YK20190141,-0.05210058065544159,-0.11882591745770803,Tibetan_Yak
T1900045451_YK20190142,-0.06132815620686118,-0.11600731825632746,Tibetan_Yak
T1900045452_YK20190143,-0.14331611055648882,-0.2019993785970902,Tibetan_Yak
T1900045453_YK20190144,-0.15286813677330907,-0.2255807201653383,Tibetan_Yak
T1900045454_YK20190145,-0.03245415931130633,-0.09058149851372367,Tibetan_Yak
T1900045455_YK20190146,0.020712715124133103,-0.0743520628299486,Tibetan_Yak
T1900045456_YK20190147,-0.10959296757227738,-0.1551518277798407,Tibetan_Yak
T1900045457_YK20190148,-0.028269798889433807,-0.09889779330200552,Tibetan_Yak
T1900045458_YK20190149,-0.1321760825068899,-0.21332331860907056,Tibetan_Yak
T1900045459_YK20190150,0.00605138263379042,-0.09624357211762519,Tibetan_Yak
T1900045460_YK20190151,0.02542194614397993,-0.07696132735663186,Tibetan_Yak
T1900045461_YK20190152,-0.0041407519356964715,-0.07587784158842098,Tibetan_Yak
T1900045462_YK20190153,0.02753981773271081,-0.07278673007662281,Tibetan_Yak
T1900045463_YK20190154,0.0687963982695583,0.12273136672081547,Tibetan_Yak
T1900045464_YK20190155,0.029261516852530756,0.12093916406077002,Tibetan_Yak
T1900045465_YK20190156,0.07661445796714635,0.07430423215569232,Tibetan_Yak
T1900045466_YK20190157,0.09275968984088964,0.0754143620354385,Tibetan_Yak
T1900045467_YK20190158,0.11118533434807742,0.09058371119756754,Tibetan_Yak
T1900045468_YK20190159,0.017462542029671655,0.11206357082653189,Tibetan_Yak
T1900045469_YK20190160,0.06026158886239032,0.10988865470366857,Tibetan_Yak
T1900045470_YK20190161,0.053942817520830286,0.10429916772724729,Tibetan_Yak
T1900045471_YK20190162,0.052472659348093066,0.10706485289939054,Tibetan_Yak
T1900045473_YK20190165,-0.15361864597230418,-0.08635379839643635,Tibetan_Yak
T1900045474_YK20190167,0.07087666890057687,0.12855741285361877,Tibetan_Yak
T1900045475_YK20190169,0.05323622021897944,0.10753065114831574,Tibetan_Yak
T1900045476_YK20190170,0.07439945220266984,0.12904305313635214,Tibetan_Yak
T1900045477_YK20190171,0.06346216581172828,0.1118198367365458,Tibetan_Yak
T1900045478_YK20190172,0.07885759163140274,0.05643629823553563,Tibetan_Yak
T1900045479_YK20190173,0.04443508878590179,0.09744654376137031,Tibetan_Yak
T1900045480_YK20190174,0.07856771568838267,0.055134043156758114,Tibetan_Yak
T1900045481_YK20190175,0.08490633325291684,0.06895442279734937,Tibetan_Yak
T1900045482_YK20190176,0.11211129793417211,0.0875610242352998,Tibetan_Yak
T1900045483_YK20190177,0.1109742185216456,0.09319446680524035,Tibetan_Yak
T1900045484_YK20190178,-0.1144805291223148,0.08725056437138681,Tibetan_Yak
T1900045485_YK20190179,0.0025262648361766148,0.1777540224745403,Tibetan_Yak
T1900045486_YK20190180,0.023184496121441325,0.18443795648681988,Tibetan_Yak
T1900045487_YK20190181,-0.018055641043384186,0.18246183598072846,Tibetan_Yak
T1900045488_YK20190182,-0.22706027689513236,0.06620286501800311,Tibetan_Yak
T1900045489_YK20190183,0.013971997734769757,0.15844730850175204,Tibetan_Yak
T1900045490_YK20190184,-0.018426552039595655,0.17522921062542296,Tibetan_Yak
T1900045491_YK20190185,0.031150269539209532,0.15090282857607937,Tibetan_Yak
T1900045492_YK20190186,-0.012930148296820782,0.17787528064054536,Tibetan_Yak
T1900045493_YK20190187,-0.031731145321757456,0.17486446015858442,Tibetan_Yak
T1900045494_YK20190188,-0.04782674872179644,0.12650160230061566,Tibetan_Yak
T1900045495_YK20190189,-0.03462145632560548,0.14856577634975596,Tibetan_Yak
T1900045496_YK20190190,-0.12093451521070514,0.07341276386548712,Tibetan_Yak
T1900045497_YK20190191,-0.17611087582192647,0.10689182712147025,Tibetan_Yak
T1900045498_YK20190192,-0.18822724724642584,0.05339042638856887,Tibetan_Yak
T1900045499_YK20190193,-0.15988662903068887,0.09468869747328705,Tibetan_Yak
T1900045500_YK20190194,-0.015734079753604382,0.15759761433881223,Tibetan_Yak
T1900045501_YK20190195,0.026224026384180955,0.1501000016037297,Tibetan_Yak
T1900045502_YK20190196,-0.16416825151073067,0.0914216392202185,Tibetan_Yak
T1900045503_YK20190197,-0.02049872892444002,0.1726929148711723,Tibetan_Yak
T1900045504_YK20190198,-0.03232257833377717,0.16844025875022883,Tibetan_Yak
T1900045505_YK20190199,-0.08077782384090139,0.15637043393494485,Tibetan_Yak
T1900045506_YK20190200,-0.01269638231046912,0.15716460839248972,Tibetan_Yak
T1900045507_YK20190201,-0.11594019147749057,0.08408755525721591,Tibetan_Yak
T1900045508_YK20190202,-0.005162819315508014,0.17599048981538057,Tibetan_Yak
T1900045509_YK20190203,-0.20590890870947312,0.057336491356476955,Tibetan_Yak
T1900045510_YK20190204,-0.18315597468271883,0.08809352516028031,Tibetan_Yak
T1900045511_YK20190205,-0.013220349825723855,0.1740873213397404,Tibetan_Yak
T1900045512_YK20190206,-0.028170066074104327,0.16606568322176954,Tibetan_Yak
T1900045513_YK20190207,-0.069010763740598155,0.16057909463778142,Tibetan_Yak
T1900045514_YK20190208,-0.015233257493775739,0.15616892192603457,Tibetan_Yak
T1900045515_YK20190209,-0.114837337672648,0.15965725689580396,Tibetan_Yak
T1900045516_YK20190210,-0.14578254451651448,0.1099827484937289,Tibetan_Yak
T1900045517_YK20190211,-0.03498252017163566,0.19895869083643233,Tibetan_Yak
T1900045518_YK20190212,0.027449654277544214,0.15717920312243694,Tibetan_Yak
T1900045519_YK20190213,-0.12556970457956268,0.12566311471908617,Tibetan_Yak
T1900045520_YK20190214,-0.022536156268928065,0.17015996872656433,Tibetan_Yak
T1900045521_YK20190215,0.024664010847260828,0.170857006722503,Tibetan_Yak
T1900045522_YK20190216,0.015180740706133266,0.14671845088431468,Tibetan_Yak
T1900045523_YK20190217,-0.09784237747101747,0.1273670536950158,Tibetan_Yak
T1900045524_YK20190218,-0.09639358666477753,0.10811984569643576,Tibetan_Yak
T1900045525_YK20190219,-0.05381732341612838,0.12055459669921655,Tibetan_Yak
T1900045526_YK20190220,0.03463878682659665,0.1491108673919128,Tibetan_Yak
T1900045527_YK20190221,-0.07673588364649514,0.18198737754290809,Tibetan_Yak
T1900045528_YK20190222,-0.022300663075008345,0.15800940192639742,Tibetan_Yak
T1900045529_YK20190223,0.019275516927082934,0.15636280896873792,Tibetan_Yak
T1900045530_YK20190224,-0.10850305110074869,0.10797824737213177,Tibetan_Yak
T1900045531_YK20190225,-0.07652494274422525,0.18061253843065014,Tibetan_Yak
T1900045532_YK20190226,0.018829271561453528,0.1743055307277994,Tibetan_Yak
T1900045533_YK20190227,-0.013841507233339463,0.17720913897334464,Tibetan_Yak
T1900045534_YK20190228,0.017849741853566792,-0.05585379952124209,Tibetan_Yak
T1900045535_YK20190229,0.036239197124277825,-0.09478271275634996,Tibetan_Yak
T1900045536_YK20190230,0.040534633631752,-0.09789948229042514,Tibetan_Yak
T1900045537_YK20190231,0.03783102237938872,0.014240684170452487,Tibetan_Yak
T1900045538_YK20190232,0.021909292144354248,-0.028657221177680468,Tibetan_Yak
T1900045539_YK20190233,-0.10319261026328094,-0.1520407408798239,Tibetan_Yak
T1900045540_YK20190234,0.09440046941867326,0.046385581277038485,Tibetan_Yak
T1900045541_YK20190235,0.042920630812758605,0.07660957523652727,Tibetan_Yak
T1900045542_YK20190236,0.0995684196287084,0.058694434070417,Tibetan_Yak
T1900045543_YK20190237,0.07294926631153026,0.038574430949038715,Tibetan_Yak
T1900045544_YK20190238,0.01276804260319721,-0.04901950926752414,Tibetan_Yak
T1900045545_YK20190239,0.05354139957595181,0.07889476654813794,Tibetan_Yak
T1900045546_YK20190240,0.1331536426821563,0.02183369391373919,Tibetan_Yak
T1900045547_YK20190241,0.10489565032062088,0.03566572473354841,Tibetan_Yak
T1900045548_YK20190242,0.12121828212885977,0.04746287900701178,Tibetan_Yak
T1900045549_YK20190243,0.12373019252100943,0.034445266705635795,Tibetan_Yak
T1900045550_YK20190244,0.02932237710900162,0.11079464442458269,Tibetan_Yak
T1900045551_YK20190245,0.13169435730878098,0.05328690120086203,Tibetan_Yak
T1900045552_YK20190246,0.10621420692823874,0.03762985738527244,Tibetan_Yak
T1900045553_YK20190247,0.021344390754592407,-0.0324203170714056,Tibetan_Yak
T1900045554_YK20190248,0.13849036652225502,0.02378864067182055,Tibetan_Yak
T1900045555_YK20190249,0.14743017798221927,0.014566185651158536,Tibetan_Yak
T1900045556_YK20190250,0.029424050172859942,0.04023110117612742,Tibetan_Yak
T1900045557_YK20190251,0.02898488339887711,0.02349412865165757,Tibetan_Yak
T1900045559_YK20190253,0.11651311984334982,0.04676656058611332,Tibetan_Yak
T1900045560_YK20190254,0.18064323558290094,-0.030250951762836396,Tibetan_Yak
T1900045561_YK20190255,0.10436855022927315,0.046784658622018874,Tibetan_Yak
T1900045562_YK20190256,0.007275302570921892,0.039558764038199294,Tibetan_Yak
T1900045563_YK20190257,0.07231578793112625,0.10226135691401939,Tibetan_Yak
T1900045564_YK20190258,0.07526738683465355,0.09572901990043566,Tibetan_Yak
T1900045565_YK20190259,0.020153023160159104,0.04834787905577412,Tibetan_Yak
T1900045566_YK20190260,0.016549555332186407,0.022197220022529874,Tibetan_Yak
T1900045567_YK20190261,-0.0642424108729388,-0.01923034196511787,Tibetan_Yak
T1900045568_YK20190262,-0.015000669765288605,-0.02834919491663704,Tibetan_Yak
T1900045569_YK20190263,0.09417734546445601,9.997309772653798e-4,Tibetan_Yak
T1900045570_YK20190264,0.09430102418465058,0.073784532616381,Tibetan_Yak
T1900045571_YK20190265,0.11565504953880713,0.06033152400666598,Tibetan_Yak
T1900045572_YK20190266,0.1787895200470127,-0.027299102805689236,Tibetan_Yak
T1900045573_YK20190267,0.11824779320977882,0.002062395053261007,Tibetan_Yak
T1900045574_YK20190268,-0.09126700701133185,-0.07466762690395035,Tibetan_Yak
T1900045575_YK20190269,-0.08347904277500451,-0.044308092560531157,Tibetan_Yak
T1900045589_YK20190283,-0.18395369720263793,0.03842941943455116,Tibetan_Yak
T1900045626_YK20190320,0.013530996529950805,0.18108106085357503,Tibetan_Yak
T1900045627_YK20190321,-0.04693041486260422,0.17451952421525896,Tibetan_Yak
T1900045628_YK20190322,-0.01010731214261807,0.17078530672369852,Tibetan_Yak
T1900045629_YK20190323,1.682568827821094e-4,0.15383921450685817,Tibetan_Yak
T1900045630_YK20190324,-0.03415479738325577,0.1737441119007867,Tibetan_Yak
T1900045631_YK20190325,-0.005340715910209375,0.16818874972295808,Tibetan_Yak
T1900045632_YK20190326,-0.021607260363860212,0.16816312413609139,Tibetan_Yak
T1900045633_YK20190327,-0.032099901510497644,0.17780825722326518,Tibetan_Yak
T1900045634_YK20190328,0.020210764735550675,0.12302360272867463,Tibetan_Yak
T1900045635_YK20190329,0.013659273035484396,0.17750217071091745,Tibetan_Yak
T1900045636_YK20190330,0.02095475990126074,0.11890897679450908,Tibetan_Yak
T1900045637_YK20190331,-0.003265609833944329,0.1798153911632476,Tibetan_Yak
T1900045638_YK20190332,0.007496030916973641,0.16711279996631467,Tibetan_Yak
T1900045639_YK20190333,-0.023992774261397,0.17213646515999792,Tibetan_Yak
T1900045640_YK20190334,-0.0018690934741980394,0.1827883309011664,Tibetan_Yak
T1900045641_YK20190335,0.018287249268214272,0.14532851874749647,Tibetan_Yak
T1900045642_YK20190336,-0.011353879840313571,0.12309324128190666,Tibetan_Yak
T1900045643_YK20190337,0.03501370288813225,0.14135777262194688,Tibetan_Yak
T1900045644_YK20190338,-0.025085984172315057,0.1778232493048973,Tibetan_Yak
T1900045645_YK20190339,0.009481897345451901,0.15445545766706564,Tibetan_Yak
T1900045646_YK20190340,0.004928826065134167,0.18765563144713712,Tibetan_Yak
T1900045647_YK20190341,0.0019426940251266837,0.18537372906676797,Tibetan_Yak
T1900045648_YK20190342,0.02079386094948937,0.15071968199014885,Tibetan_Yak
T1900045649_YK20190343,0.0052200992013923635,0.18715036111542155,Tibetan_Yak
T1900045650_YK20190344,-0.032852166269694415,0.1826954910507252,Tibetan_Yak
T1900045651_YK20190345,-0.013665292078843509,0.12012166608005051,Tibetan_Yak
T1900045652_YK20190346,-0.0024288566013631295,0.14960581031847453,Tibetan_Yak
T1900045653_YK20190347,0.024870414611116737,0.15123033255921414,Tibetan_Yak
T1900045654_YK20190348,0.014273678246856046,0.11880603065098044,Tibetan_Yak
T1900045655_YK20190349,-0.006843027406491,0.12946927661802485,Tibetan_Yak
T1900045656_YK20190350,0.011171820270508214,0.17573316503792472,Tibetan_Yak
T1900045657_YK20190351,0.03947009476588199,0.1469810934045266,Tibetan_Yak
T1900045658_YK20190352,-0.027779129617880746,0.1807071105196605,Tibetan_Yak
T1900045659_YK20190353,0.012198663457578952,0.1554584704001112,Tibetan_Yak
T1900045660_YK20190354,0.02537118817589147,0.14965700390017805,Tibetan_Yak
T1900045661_YK20190355,0.03173660985940315,0.13988181778826667,Tibetan_Yak
T1900045662_YK20190356,-0.01900662797336005,0.18083559590075032,Tibetan_Yak
T1900045663_YK20190357,0.03547112882354112,0.14202366123353155,Tibetan_Yak
T1900045664_YK20190358,-0.00935728181138465,0.15175785192487792,Tibetan_Yak
T1900045665_YK20190359,0.026074038466388963,0.12350993998445634,Tibetan_Yak
T1900045666_YK20190360,-0.0017847982585312073,0.1557081203288187,Tibetan_Yak
T1900045667_YK20190361,-0.029582206650812116,0.1713851393440685,Tibetan_Yak
T1900045668_YK20190362,0.023376492645686992,0.13236991922050714,Tibetan_Yak
T1900045669_YK20190363,-0.08850912551323074,0.11294286873364552,Tibetan_Yak
T1900045670_YK20190364,0.011457623528168454,0.13347340958892892,Tibetan_Yak
T1900045671_YK20190365,0.02458129111097568,0.12472886324044967,Tibetan_Yak
T1900045672_YK20190366,-0.02652120271660544,0.12597361878691968,Tibetan_Yak
T1900045673_YK20190367,0.033386522975882044,0.15385769482739384,Tibetan_Yak
T1900045674_YK20190368,0.0032484346130747487,0.1338568531275141,Tibetan_Yak
T1900045675_YK20190369,0.025257519268709474,0.11600911042499017,Tibetan_Yak
T1900045676_YK20190370,-0.18868261058739522,0.010825255914863285,Tibetan_Yak
T1900045677_YK20190371,-0.0019709287185359897,0.12933709106984037,Tibetan_Yak
T1900045678_YK20190372,0.031893432356205134,0.14294795436017232,Tibetan_Yak
T1900045679_YK20190373,0.009086811361991364,0.13519832346420532,Tibetan_Yak
T1900045680_YK20190374,0.03635902291592057,0.0877225513008641,Tibetan_Yak
T1900045681_YK20190375,-0.1566081600962543,0.062352159531993856,Tibetan_Yak
T1900045682_YK20190376,0.025616265680847922,0.13932077592033637,Tibetan_Yak
T1900045683_YK20190377,-0.03631866660747238,0.12275956725783924,Tibetan_Yak
T1900045684_YK20190378,0.05327252564144859,0.11795384111506341,Tibetan_Yak
T1900045685_YK20190379,0.044174983389879935,0.11591162851336417,Tibetan_Yak
T1900045686_YK20190380,8.325835080755126e-4,0.15073972440800337,Tibetan_Yak
T1900045687_YK20190381,0.019005158445505096,0.1317383151737624,Tibetan_Yak
T1900045688_YK20190382,-7.269211642281385e-4,0.1653287730987857,Tibetan_Yak
T1900045689_YK20190383,0.05411609805423087,0.12626814255127553,Tibetan_Yak
T1900045690_YK20190384,0.0038584738430887345,0.11769427802497688,Tibetan_Yak
T1900045691_YK20190385,0.059145948706000165,0.11815100281059551,Tibetan_Yak
T1900045692_YK20190386,-0.06146430861939799,0.13444936864234378,Tibetan_Yak
T1900045693_YK20190387,0.041191658588372856,0.12081078251011935,Tibetan_Yak
T1900045694_YK20190388,0.040193545646366804,0.09958509568516125,Tibetan_Yak
T1900045695_YK20190389,0.03172608697594806,0.08797296228270302,Tibetan_Yak
T1900045696_YK20190390,0.0023477437873503145,0.13422713807631842,Tibetan_Yak
T1900045697_YK20190391,-0.05539239714781622,0.08595086395325671,Tibetan_Yak
T1900045698_YK20190392,0.03367646285540941,0.10375207401298119,Tibetan_Yak
T1900045699_YK20190393,0.028544799294462745,0.1354736128467322,Tibetan_Yak
T1900045700_YK20190394,-0.007813944235502189,0.11035682898780051,Tibetan_Yak
T1900045701_YK20190395,0.03174023240048167,0.1424709930481994,Tibetan_Yak
T1900045702_YK20190396,0.01021919942672589,0.1416688219827419,Tibetan_Yak
T1900045703_YK20190397,-0.007943185775220525,0.1600204608622479,Tibetan_Yak
T1900045704_YK20190398,-0.12669516867888203,0.04103490652568933,Tibetan_Yak
T1900045705_YK20190399,0.022285827729720036,0.16178453786287705,Tibetan_Yak
T1900045706_YK20190400,0.033824970288303044,0.12770543933488757,Tibetan_Yak
T1900045707_YK20190401,0.02565504272364743,0.14563820999089055,Tibetan_Yak
T1900045708_YK20190402,0.02508473526772572,0.1388640447773698,Tibetan_Yak
T1900045709_YK20190403,0.01752653927470569,0.12532971914945054,Tibetan_Yak
T1900045710_YK20190404,0.01381620539797997,0.12887885408123634,Tibetan_Yak
T1900045711_YK20190405,-0.010434467431766067,0.11487813638071098,Tibetan_Yak
T1900045712_YK20190406,-0.07067511767940034,0.12511416363031852,Tibetan_Yak
T1900045713_YK20190407,0.01305639036714156,0.11706271274467926,Tibetan_Yak
T1900045714_YK20190408,-0.10620675701517263,0.04735982008523238,Tibetan_Yak
T1900045715_YK20190409,0.02476521063564324,0.1505771299998356,Tibetan_Yak
T1900045716_YK20190410,-0.18080837500232666,0.016427438992900723,Tibetan_Yak
T1900045717_YK20190411,0.04659959431183641,0.11550193174917452,Tibetan_Yak
T1900045718_YK20190412,-0.2898574420289348,-0.14686349783678043,Tibetan_Yak
T1900045719_YK20190413,-0.34981373784176206,-0.23446995165622775,Tibetan_Yak
T1900045720_YK20190414,-0.32124512977781183,-0.19468502079369807,Tibetan_Yak
T1900045721_YK20190415,-0.3036275019075411,-0.1899539806987547,Tibetan_Yak
T1900045722_YK20190416,-0.3378695553643777,-0.1873795022602541,Tibetan_Yak
T1900045723_YK20190417,-0.31029145046445467,-0.18333484359021945,Tibetan_Yak
T1900045725_YK20190419,-0.37416742846008083,-0.23125329881693651,Tibetan_Yak
T1900045726_YK20190420,-0.3216905076397792,-0.1804720936844463,Tibetan_Yak
T1900045728_YK20190422,-0.3292046674692483,-0.2011055448236614,Tibetan_Yak
T1900045729_YK20190423,-0.28131426007733795,-0.10659562735386421,Tibetan_Yak
T1900045730_YK20190424,-0.3918891600514053,-0.2511107768896771,Tibetan_Yak
T1900045731_YK20190425,-0.3260217583703202,-0.17125137942507224,Tibetan_Yak
T1900045732_YK20190426,-0.2950963509517274,-0.12024010342073004,Tibetan_Yak
T1900045733_YK20190427,-0.40267715657777847,-0.262814788423055,Tibetan_Yak
T1900045734_YK20190428,-0.22342706738106163,-0.06320108736063734,Tibetan_Yak
T1900045735_YK20190429,-0.32578442642301736,-0.1747617654253804,Tibetan_Yak
T1900045736_YK20190430,-0.3396447860989126,-0.17304253363789765,Tibetan_Yak
T1900045737_YK20190431,-0.28260308596540396,-0.1030731612620277,Tibetan_Yak
T1900045738_YK20190432,-0.32954977945035285,-0.25178418863935276,Tibetan_Yak
T1900045739_YK20190433,-0.31627085290081836,-0.1279528523405822,Tibetan_Yak
T1900045740_YK20190434,-0.33341241824845896,-0.1809313575871854,Tibetan_Yak
T1900045741_YK20190435,-0.36785826212620637,-0.2903474096775143,Tibetan_Yak
T1900045743_YK20190437,-0.2561855889271878,-0.11649021804157246,Tibetan_Yak
T1900045744_YK20190438,-0.28979173413010173,-0.12614617611264825,Tibetan_Yak
T1900045746_YK20190440,-0.2781759294891629,-0.10693479477335309,Tibetan_Yak
T1900045747_YK20190441,-0.3808794116278982,-0.24110542361392534,Tibetan_Yak
T1900045748_YK20190442,-0.31694249175410144,-0.14912384508363521,Tibetan_Yak
T1900045749_YK20190443,-0.294768714818609,-0.12938039175423294,Tibetan_Yak
T1900045750_YK20190444,-0.318015392767947,-0.19525111821026991,Tibetan_Yak
T1900045751_YK20190445,-0.2989764099282925,-0.11050148410367121,Tibetan_Yak
T1900045752_YK20190446,-0.393075200066866,-0.26225868814121883,Tibetan_Yak
T1900045753_YK20190447,-0.3041575462871317,-0.14289176645375548,Tibetan_Yak
T1900045754_YK20190448,-0.3529772952483664,-0.2696829171104172,Tibetan_Yak
T1900045755_YK20190449,-0.380499682604691,-0.25187249798065897,Tibetan_Yak
T1900045756_YK20190450,-0.34832134322273667,-0.21602872051814168,Tibetan_Yak
T1900045757_YK20190451,-0.3242105758518047,-0.17511268182142115,Tibetan_Yak
T1900045758_YK20190452,-0.27110552283955347,-0.15081166799933143,Tibetan_Yak
T1900045759_YK20190453,-0.4006439300669129,-0.27749199192791074,Tibetan_Yak
T1900045760_YK20190454,-0.3180014923053034,-0.20105853483092517,Tibetan_Yak
T1900045761_YK20190455,-0.2604475451552506,-0.1213157889301745,Tibetan_Yak
T1900045762_YK20190456,-0.2768250947478856,-0.09468984659192255,Tibetan_Yak
T1900045764_YK20190458,-0.2935501321063184,-0.11026264280346594,Tibetan_Yak
T1900045765_YK20190459,-0.2828521245621559,-0.12499485685437199,Tibetan_Yak
T1900045767_YK20190461,-0.34813694947480245,-0.18956658235326063,Tibetan_Yak
T1900045768_YK20190462,0.003938622397562835,-0.03319656880503239,Tibetan_Yak
T1900045769_YK20190463,0.1300086221394424,0.04302450311314379,Tibetan_Yak
T1900045770_YK20190464,-0.12348681482278454,-0.15435530676043865,Tibetan_Yak
T1900045771_YK20190465,0.08252138117522159,0.04801326910676509,Tibetan_Yak
T1900045772_YK20190466,0.07356842439951247,-0.016013803234465582,Tibetan_Yak
T2001009370_Yak-NA,0.020512285465140896,0.12189185115198176,Tibetan_Yak
