Sample_ID,PCoA1,PCoA2
T1900044948_TA20190001,-0.058566784557580534,-0.43131187868568666
T1900044949_TA20190002,-0.058802935562636716,-0.442992081157722
T1900044950_TA20190003,-0.05791474162031095,-0.42041045055601617
T1900044951_TA20190004,-0.05778379319057272,-0.42309373318204413
T1900044952_TA20190005,-0.05607539924777877,-0.3930486426130567
T1900044953_TA20190006,-0.057796211323460564,-0.42058770456404176
T1900044954_TA20190008,-0.05565914951804421,-0.38926576417475484
T1900044955_TA20190009,-0.0591879620351052,-0.4401053699776592
T1900044956_TA20190011,-0.05586224888971401,-0.39099878256160964
T1900044957_TA20190013,-0.05593821868540988,-0.39118671826696744
T1900044958_TA20190014,-0.05929907935650505,-0.44265976668349716
T1900044959_TA20190016,-0.05956882133997936,-0.4481940649412916
T1900044960_TA20190018,-0.05957624384168358,-0.4459328460373057
T1900044961_TA20190021,-0.058662826435741985,-0.4324384533206345
T1900044962_TA20190024,-0.057840409878046374,-0.446719766141928
T1900044965_TA20190027,-0.060440052700452496,-0.4697052169124684
T1900044966_TA20190028,-0.06091809656885343,-0.47740313486384534
T1900044967_TA20190029,-0.058214929347943103,-0.45673514150740385
T1900044968_TA20190030,-0.06172048646446971,-0.4853359271904639
T1900044969_TA20190031,-0.061092800779957636,-0.4872874009922594
T1900044977_TA20190039,-0.05918652893665432,-0.45783961352813995
T1900044978_TA20190040,-0.06268244055488023,-0.48785763703146867
T1900044979_TA20190041,-0.06216206602824762,-0.49145579566285597
T1900044980_TA20190042,-0.06229743599324077,-0.4960861009524258
T1900044981_TA20190043,-0.06178100810203551,-0.498041715478097
T1900044985_TA20190047,-0.06172990252411803,-0.4906398598016697
T1900044986_TA20190048,-0.06243255437110925,-0.4785707771983268
T1900044987_TA20190049,-0.06253721766142487,-0.4892210952463274
T1900044988_TA20190050,-0.06264105819392374,-0.4870137450244319
T1900044989_TA20190051,-0.06203513364246722,-0.47310053510365907
T1900044990_TA20190052,-0.06288613332952761,-0.49097492175055685
T1900044991_TA20190053,-0.062095917452493835,-0.4734013460805889
T1900044992_TA20190054,-0.06348893445959128,-0.49815917682302324
T1900044993_TA20190055,-0.06305490909340924,-0.48880065941740347
T1900044994_TA20190056,-0.06307244386762359,-0.49009191701979643
T1900044995_TA20190057,-0.06265457413476246,-0.4788225621201418
T1900044996_TA20190058,-0.062481015041632865,-0.493543463855662
T1900044997_TA20190059,-0.06290451848334651,-0.49245067187016645
T1900044998_TA20190060,-0.06243182438751986,-0.4805492528771302
T1900044999_TA20190061,-0.06259387307642364,-0.49765160250480645
T1900045000_TA20190062,-0.06255315458958077,-0.4878313490977894
T1900045001_TA20190063,-0.062439365337640766,-0.4772536847364944
T1900045002_TA20190064,-0.062453713121814414,-0.49510656857433644
T1900045003_TA20190065,-0.06232722178603312,-0.4772960487731811
T1900045004_TA20190066,-0.06230263950837554,-0.47595508074747095
T1900045005_TA20190067,-0.0625467800695363,-0.4805551971489528
T1900045006_TA20190068,-0.06275519994341903,-0.48919892156719685
T1900045007_TA20190069,-0.06276095180348229,-0.4884268196227426
T1900045011_TC20190004,0.22362478873685532,0.07176588021814961
T1900045013_TC20190006,0.23192488558855195,0.08433273794653731
T1900045019_TC20190012,0.14223761598438786,0.05048071454172075
T1900045020_TC20190013,0.3069051678316894,0.03226206034157787
T1900045021_TC20190014,0.29940948725853284,0.03383058715767125
T1900045022_TC20190015,0.3432625251484328,0.054344867802155375
T1900045023_TC20190016,0.3686707568047454,0.045358911047826266
T1900045024_TC20190017,0.30256660954108533,0.03324737592668034
T1900045025_TC20190018,0.32630545090903773,0.043734634184555345
T1900045026_TC20190019,0.357590567709045,0.03272648312984452
T1900045027_TC20190020,0.2988469034148228,0.0576815967343991
T1900045028_TC20190021,0.30286092780582274,0.027098043133207357
T1900045029_TC20190022,0.3294740468620384,0.04107683860142363
T1900045030_TC20190023,0.2952777743102966,0.07365244762063701
T1900045031_TC20190024,0.2928235667762505,0.041659295956781014
T1900045032_TC20190025,0.31297977320583253,0.0372272496197897
T1900045033_TC20190026,0.34523792826079847,0.014413045619123127
T1900045034_TC20190027,0.3168185880065544,0.05709281074863745
T1900045035_TC20190028,0.29864773115509763,0.07335828916477406
T1900045036_TC20190029,0.3207043696988707,0.05580082540404177
T1900045037_TC20190030,0.33432281155555305,0.078542355798142
T1900045038_TC20190031,0.26901295592266145,0.051746397427961874
T1900045039_TC20190032,0.36867161980747726,0.06045916444172254
T1900045040_TC20190033,0.33118300943030893,0.04290644329116147
T1900045041_TC20190034,0.3182958861579458,0.055953709363179005
T1900045042_TC20190035,0.3165892602770138,0.056142887848912776
T1900045043_TC20190036,0.329163795288966,0.04905614398648714
T1900045044_TC20190037,0.32414756298188346,0.08084595450713934
T1900045045_TC20190038,0.336620311481438,0.0747447774310949
T1900045046_TC20190039,0.26869549096421774,0.052201629185486945
T1900045048_TC20190041,0.28926912325387494,0.02875906255613296
T1900045049_TC20190042,0.33175951812519167,0.045396945872466204
T1900045050_TC20190043,0.36477244781326645,0.04160647035566032
T1900045051_TC20190044,0.3083594017117658,0.03219011856953304
T1900045053_TC20190046,0.36166303124365445,0.047213034054458425
T1900045054_TC20190047,0.37384889081239664,0.038869458712342216
T1900045055_TC20190048,0.29775436821353984,0.022675192358859828
T1900045056_TC20190049,0.2814892565711964,0.08092206251946761
T1900045058_TC20190051,0.3423509022962335,0.01247836239483554
T1900045060_TC20190053,0.27640195042739996,0.0703358891902613
T1900045061_TC20190054,0.3619947963616912,0.03663218101630745
T1900045063_TC20190056,0.24582474310743463,0.06230208527500485
T1900045064_TC20190058,0.306375980837397,0.04765902971330468
T1900045065_TC20190059,0.33452185784939503,0.04611688775934472
T1900045066_TC20190060,0.3398607770752766,0.060464998325863585
T1900045067_TC20190061,0.2774622706653736,0.06460062185560882
T1900045068_TC20190062,0.3416991103214194,0.054690560417020646
T1900045070_TC20190064,0.3013888679928748,0.034872715352698744
T1900045071_TC20190065,0.3680374817599879,0.04397593019541141
T1900045072_TC20190066,0.32505226417015703,0.04062486759544759
T1900045073_TC20190067,0.31339252390279165,0.06451004118258
T1900045074_TC20190068,0.312234937687563,0.03570324184320496
T1900045075_TC20190069,0.2961638631465489,0.02111208880021183
T1900045076_TC20190070,0.2743128049820963,0.0825478880839465
T1900045077_TC20190071,0.36425963384910137,0.03676079757502067
T1900045078_TC20190072,0.26785099584162825,0.04864739826424545
T1900045079_TC20190073,0.2719015179045151,0.08355885081773312
T1900045080_TC20190074,0.2865030713597051,0.017993649160138375
T1900045081_TC20190075,0.3061098359604234,0.03201938517743861
T1900045082_TC20190076,0.2786906199661864,0.06676960600360828
T1900045083_TC20190077,0.3113019943094799,0.03626336395716349
T1900045084_TC20190078,0.3389269342691134,0.06378944499087562
T1900045085_TC20190079,0.3326967888106367,0.041988484852988006
T1900045086_TC20190080,0.3015344876908082,0.03705510919847396
T1900045087_TC20190081,0.30326827831907016,0.026865238237994114
T1900045088_TC20190082,0.3051577366780291,0.03462530159947182
T1900045089_TC20190083,0.27468594106678884,0.06717378061069205
T1900045090_TC20190084,0.3307147033450585,0.04638703816755157
T1900045091_TC20190085,0.2748149640952243,0.06733701275666513
T1900045092_TC20190086,0.32956008414638494,0.05288742760412855
T1900045094_TC20190088,0.35123186516218824,0.029673435200371207
T1900045095_TC20190089,0.31864488252739537,0.05873939173650165
T1900045096_TC20190090,0.2777195706464866,0.06766574710001051
T1900045097_TC20190091,0.35068384151521353,0.03284763685541934
T1900045098_TC20190092,0.31849840978450616,0.03710799749187997
T1900045099_TC20190093,0.2971357278551854,0.0745711787780778
T1900045100_TC20190094,0.3042441478221463,0.030927454685770916
T1900045101_TC20190095,0.30557903520872987,0.03491745161719613
T1900045102_TC20190096,0.3116959901610102,0.036253552743995374
T1900045103_TC20190097,0.2857801770050603,0.07679539268003481
T1900045104_TC20190098,0.30644431296462693,0.04818627972142955
T1900045105_TC20190099,0.36161202476498455,0.0539682081406794
T1900045106_TC20190100,0.2777303779114532,0.06643480544843662
T1900045107_TC20190101,0.2976677501686557,0.02763026966680838
T1900045108_TC20190102,0.3247410674621519,0.039136010258289756
T1900045109_TC20190103,0.3336480172269092,0.08001785357429306
T1900045110_TC20190104,0.2808643102382371,0.08137384436084018
T1900045111_TC20190105,0.3259339620412821,0.03655673757376122
T1900045112_TC20190106,0.27839432220866756,0.07465563370041527
T1900045113_TC20190107,0.2747259059217816,0.06840780941924274
T1900045114_TC20190108,0.26890504243046365,0.04626914670970766
T1900045115_TC20190109,0.3044582944525377,0.05067996402443086
T1900045116_TC20190110,0.3229802173446093,0.03735640828408031
T1900045117_TC20190111,0.2691686618841383,0.04915543933627621
T1900045118_TC20190112,0.30177090980164284,0.03404450974387049
T1900045119_TC20190113,0.2695330609182388,0.0517983020608682
T1900045120_TC20190114,0.30516579814528205,0.05302954265065754
T1900045121_TC20190115,0.2633560703161027,0.04695300660610609
T1900045122_TC20190116,0.2671023634323697,0.047468465408513474
T1900045123_TC20190117,0.3010149120100331,0.03826033929884331
T1900045124_TC20190118,0.25571601387863147,0.0714839385871758
T1900045125_TC20190119,0.2657680821904496,0.049821819785011184
T1900045126_TC20190120,0.30725447597563604,0.05254313969041742
T1900045127_TC20190121,0.36601531058630243,0.04599700493847802
T1900045128_TC20190122,0.30213780939930185,0.034782808387326676
T1900045129_TC20190123,0.31663501719252823,0.06354413397527955
T1900045130_TC20190124,0.3047107266275079,0.045594249750805387
T1900045131_TC20190125,0.3006955391644162,0.03226337101141627
T1900045132_TC20190126,0.3375099694621015,0.05133896150562012
T1900045133_TC20190127,0.3222661276485354,0.011926850873898972
T1900045135_TC20190129,0.2745750035344013,0.08194601673548998
T1900045136_TC20190130,0.3390005294058307,0.061383697868454684
T1900045137_TC20190131,0.3384765620340015,0.051534032928757294
T1900045138_TC20190132,0.27355013466158223,0.07980874804759325
T1900045139_TC20190133,0.30918992561213876,0.03496459879381327
T1900045140_TC20190134,0.3357358007630223,0.05245251142207805
T1900045141_TC20190135,0.33469618525907874,0.07650197834934581
T1900045142_TC20190136,0.3096502501592582,0.0498972067733614
T1900045143_TC20190137,0.35690848002782977,0.046564055283052505
T1900045144_TC20190138,0.2731605726802793,0.03686981730343688
T1900045145_TC20190139,0.37617209092633763,0.04069145283835194
T1900045146_TC20190140,0.36234168443359377,0.05565157661631595
T1900045147_TC20190141,0.36461272913637716,0.03902515043571768
T1900045148_TC20190142,0.3066401602859912,0.04893985216488963
T1900045149_TC20190143,0.33500421326974017,0.05762724467242227
T1900045150_TC20190144,0.30456453389516747,0.03189449767734404
T1900045151_TC20190145,0.26415027968009863,0.05105800160296249
T1900045153_TC20190147,0.2941647181899865,0.028942841360440966
T1900045154_TC20190148,0.3584617579178415,0.04666688865484795
T1900045155_TC20190149,0.2727307163346967,0.03919657680966742
T1900045156_TC20190150,0.3337397649562445,0.05751493761424729
T1900045157_TC20190151,0.23222443037151394,0.05919584191017785
T1900045158_TC20190152,0.23580501161046338,0.07987955778872664
T1900045159_TC20190153,0.24823611777922822,0.04207457106744659
T1900045160_TC20190154,0.21676067138935148,0.056921466945094305
T1900045161_TC20190155,0.13250910135984684,-0.00875252475318752
T1900045162_TC20190156,0.24302543248207903,0.07749043923103192
T1900045163_TC20190157,0.33473825794293305,0.05806862136617257
T1900045164_TC20190158,0.3164238337501572,0.06560161365220318
T1900045165_TC20190159,0.22307683325847819,0.0713416543333196
T1900045166_TC20190160,0.19755815650446848,-0.04651411322646512
T1900045167_TC20190161,0.2813078756841579,0.0815211974883777
T1900045168_TC20190162,0.21209193926501999,0.04406946533913979
T1900045170_TC20190164,0.26113460233733293,0.05573000419978902
T1900045171_TC20190165,0.33135136570230644,0.048573839785029056
T1900045172_TC20190168,0.3135132270472309,0.04207378852030045
T1900045173_TC20190169,0.3141876022446766,0.07568361421974726
T1900045174_TC20190170,0.3634808160103594,0.06810506888314644
T1900045175_TC20190171,0.36187605658269345,0.06653089453978558
T1900045176_TC20190172,0.31645829055244773,0.08080655345778805
T1900045178_TC20190174,0.34699763702346653,0.06860802886451431
T1900045179_TC20190175,0.3355985502748589,0.057991778174039235
T1900045180_TC20190176,0.26485328500986816,0.009348178846357942
T1900045181_TC20190177,0.26265923629524135,0.08863557164201706
T1900045182_TC20190178,0.34979786701561805,0.0940957734139737
T1900045183_TC20190179,0.34655149634941224,0.0678683493186254
T1900045184_TC20190180,0.31635123772855006,0.0839898353431454
T1900045185_TC20190181,0.31507571077962593,0.08223029710070548
T1900045186_TC20190182,0.2869845945238524,0.012435358816400434
T1900045187_TC20190183,0.35685218679128716,0.07831893389432816
T1900045188_TC20190184,0.340273625373357,0.06692386153518053
T1900045189_TC20190185,0.3443571438386248,0.043210958185547425
T1900045190_TC20190186,0.2728472802610541,0.04809679711678911
T1900045192_TC20190188,0.23185595185501232,-0.01816890377586813
T1900045193_TC20190189,0.304112006985328,0.05406636798920939
T1900045194_TC20190190,0.29497513899397493,0.07697827649829589
T1900045195_TC20190191,0.234214520553741,0.008290882897678384
T1900045198_TC20190194,0.19259118777918344,-0.03308101724909447
T1900045199_TC20190195,0.2570741430907214,0.021330182544739916
T1900045200_TC20190196,0.2674205489686257,0.0317790140175012
T1900045201_TC20190197,0.26764791329275206,0.036289879573397424
T1900045202_TC20190198,0.3383206770348281,0.07485490479262534
T1900045203_TC20190199,0.3087096776340981,0.045626428275987875
T1900045204_TC20190200,0.2747152886894586,0.06234545922045499
T1900045206_TC20190202,0.34539229677079825,0.07962611236106051
T1900045208_TC20190204,0.28749630468450177,0.03793030554482373
T1900045209_TC20190205,0.2764282213244838,0.05552476493963421
T1900045211_TC20190207,0.31274188017002,0.07294960391384599
T1900045213_TC20190209,0.3199638021960742,0.085263302635134125
T1900045214_TC20190210,0.37365532232227244,0.06772092909966444
T1900045215_TC20190211,0.2641958828299027,0.05958294996026995
T1900045216_TC20190212,0.2848745471682197,0.07573346345055981
T1900045217_TC20190213,0.24182059357627528,0.020357878461935593
T1900045218_TC20190214,0.2586276013551695,0.03532347183249496
T1900045219_TC20190215,0.283342607686406,0.0684545936892174
T1900045220_TC20190216,0.3402459466810382,0.0729712522336989
T1900045223_TC20190219,0.31591739607851954,0.07086524021823559
T1900045224_TC20190220,0.31118706161518533,0.08448754452509197
T1900045225_TC20190221,0.3117530739850999,0.05321528444646644
T1900045226_TC20190222,0.3484037940469168,0.08057798031668323
T1900045227_TC20190223,0.30636023849477995,0.038715595923101094
T1900045229_TC20190225,0.3133455213206465,0.07060486307665827
T1900045773_TC20190227,0.23401323481765646,0.04510364845142972
T1900045774_TC20190228,0.25398501182225897,0.01940822654371049
T1900045775_TC20190229,0.23367939807220398,0.04613817257688111
T1900045776_TC20190230,0.2358018555230686,0.043980501287257064
T1900045231_TH20190001,-0.04276577209298738,-0.2245537708571379
T1900045232_TH20190002,-0.06405071703319506,-0.5202605665681005
T1900045235_TH20190005,-0.06549911024779768,-0.5343201395606242
T1900045236_TH20190006,-0.06094668257479059,-0.49012386603439434
T1900045237_TH20190007,-0.0643824137408955,-0.5226957349690599
T1900045238_TH20190008,-0.04203377576264552,-0.21649293569879233
T1900045239_TH20190009,-0.06071133243298249,-0.49285137214302105
T1900045240_TH20190010,-0.06496999677310496,-0.5418212024779515
T1900045241_TH20190011,-0.06543910185880815,-0.5326060048746428
T1900045242_TH20190012,-0.06285857163202448,-0.49913828587607273
T1900045243_TH20190013,-0.06009041647306148,-0.4877336182194777
T1900045244_TH20190014,-0.050122439594231176,-0.3965307137358211
T1900045245_TH20190015,-0.060743103921204425,-0.5063837831496936
T1900045246_TH20190016,-0.0637174071550093,-0.5100805782926551
T1900045247_TH20190017,-0.0647312528047228,-0.5252336526386661
T1900045248_TH20190018,-0.06390147760060387,-0.5190569708244696
T1900045249_TH20190019,-0.06538339898513057,-0.5390746436178976
T1900045250_TH20190020,-0.06322539532477636,-0.5111673687586721
T1900045252_TH20190022,-0.06599553072067786,-0.548628667591414
T1900045253_TH20190023,-0.06571208757049363,-0.5470866278566999
T1900045254_TH20190024,-0.06635971353404747,-0.5520425562895163
T1900045255_TH20190025,-0.06607051592817902,-0.5425361893717817
T1900045256_TH20190026,-0.06407539572419688,-0.5280686328758986
T1900045257_TH20190027,-0.06285192848611751,-0.5133444740280574
T1900045258_TH20190028,-0.0654027277249402,-0.5392647956219838
T1900045259_TH20190029,-0.0648952539440847,-0.5253360210562227
T1900045260_TH20190030,-0.0638380694197231,-0.5145083776793663
T1900045261_TH20190031,-0.06414994450267596,-0.5219316515687296
T1900045262_TH20190032,-0.0641199602160983,-0.5177150873840437
T1900045263_TH20190033,-0.056070759681939746,-0.44065127980873103
T1900045264_TH20190034,-0.06451565994713641,-0.5291191133533988
T1900045265_TH20190035,-0.06491865400066325,-0.5348500598642114
T1900045266_TH20190036,-0.065566614756897,-0.5432652836947274
T1900045267_TH20190037,-0.06359524335312348,-0.510790832116853
T1900045268_TH20190038,-0.061491701586305035,-0.4926684485295302
T1900045269_TH20190039,-0.06599616071091145,-0.5467801979483358
T1900045270_TH20190040,-0.06492173006085954,-0.5327391825459589
T1900045271_TH20190041,-0.0648002374191115,-0.5342747993316301
T1900045272_TH20190042,-0.06431287712327324,-0.528380059776166
T1900045273_TH20190043,-0.06617213789514326,-0.5473512449394421
T1900045274_TH20190044,-0.06462677346409862,-0.5295060282086244
T1900045275_TH20190045,-0.06541605327021584,-0.5463016061074063
T1900045276_TH20190046,-0.06622016657181339,-0.5530889267701613
T1900045277_TH20190047,-0.06653336563108558,-0.5552408417889626
T1900045278_TH20190048,-0.05977431946723644,-0.4763542814681616
T1900045279_TH20190049,-0.0660977018922629,-0.5445453648014447
T1900045280_TH20190050,-0.06357135623587738,-0.5195712376039626
T1900045281_TH20190051,-0.06698397878021932,-0.5552669519638282
T1900045282_TH20190052,-0.06633091911394613,-0.5502752271629722
T1900045283_TH20190053,-0.0659802131140463,-0.5471922667361081
T1900045284_TH20190054,-0.06688643129461974,-0.5587952127833095
T1900045285_TH20190055,-0.06482131035365415,-0.5395631475335525
T1900045286_TH20190056,-0.06619540590898043,-0.5569578599683874
T1900045287_TH20190057,-0.06511238528916768,-0.5406711955464343
T1900045288_TH20190058,-0.06645926102165121,-0.5584377377651384
T1900045289_TH20190059,-0.0667306002546423,-0.55676276312
T1900045290_TH20190060,-0.06617965313823373,-0.5539718174083488
T1900045291_TH20190061,-0.06581906745104539,-0.5473794331828096
T1900045292_TH20190062,-0.06664285083611393,-0.5577790292301028
T1900045293_TH20190063,-0.06591961969985816,-0.545226595588123
T1900045294_TH20190064,-0.06642669709020474,-0.5544294526872501
T1900045295_TH20190065,-0.06341078507206406,-0.5216859925863496
T1900045296_TH20190066,-0.0659836751403893,-0.5454509097052257
T1900045297_TH20190067,-0.06507442342143571,-0.538894033895125
T1900045298_TH20190068,-0.06606341982494994,-0.5416322715970354
T1900045299_TH20190069,-0.06245346358255127,-0.49684312087052845
T1900045300_TH20190070,-0.06794903412693724,-0.5679497413353217
T1900045301_TH20190071,-0.06713180746737789,-0.5628664381650481
T1900045302_TH20190072,-0.06792412179965154,-0.5721314886416459
T1900045303_TH20190073,-0.06632038527052599,-0.5533141737259785
T1900045304_TH20190074,-0.0656959440319821,-0.5558153643511443
T1900045305_TH20190075,-0.06665230468941682,-0.5551196096456676
T1900045306_TH20190076,-0.066663992249401,-0.5625329258584836
T1900045307_TH20190077,-0.06772999379322335,-0.5681634084095967
T1900045308_TH20190078,-0.06632571842838818,-0.555082627683615
T1900045309_TH20190079,-0.06683816395601772,-0.5570228429137308
T1900045310_TH20190080,-0.06222866394294717,-0.5057854114833447
T1900045311_TH20190081,-0.06577936978169578,-0.5449582534089888
T2001009369_TH82,-0.06222032591659918,-0.5053329586808155
TP20200825-WDL45_DT2009055600-1,-0.18138610267380245,-0.09974696915008754
TP20200825-WDL19_DT2009055595-1,-0.19502808613629005,-0.12525935893903142
TP20200815-DZC49_DT2009055519-1,-0.1957746010335524,-0.11265648586895481
TP20200824-WDL78_DT2009055587-1,-0.17276249731738766,-0.10429758548342416
TP20200824-WDL74_DT2009055583-1,-0.16237587060226435,-0.16150775090834615
TP20200824-WDL70_DT2009055579-1,-0.16009915553588458,-0.1469829415233867
TP20200825-WDL78_DT2009055609-1,-0.2195544574492912,-0.06847418596862077
TP20200814-DZC134_DT2009055462-1,-0.22715296384614045,-0.07631510676237613
TP20200824-WDL75_DT2009055584-1,-0.15262460396990857,-0.16928597039948223
TP20200815-DZC68_DT2009055538-1,-0.1958172793901485,-0.1014345688825226
TP20200823-QMN43_DT2009055556-1,-0.1618970546050061,-0.13842972087455677
TP20200814-DZC110_DT2009055438-1,-0.201055645065509,-0.09237445200283458
TP20200824-WDL12_DT2009055564-1,-0.1506440411145171,-0.12418216542224715
TP20200815-DZC20_DT2009055490-1,-0.22681646032051184,-0.029578247180405717
TP20200824-WDL54_DT2009055572-1,-0.20480952269497962,-0.09338905340135399
TP20200825-WDL68_DT2009055607-1,-0.1753712848529292,-0.11892688427780078
TP20200825-WDL101_DT2009055615-1,-0.2120245925272302,-0.0723778273539523
TP20200825-WDL7_DT2009055593-1,-0.1611107073845681,-0.1402561838343829
TP20200815-DZC71_DT2009055541-1,-0.2050526311881397,-0.09383200297863345
TP20200825-WDL82_DT2009055611-1,-0.17199305660280226,-0.11491556714162464
TP20200815-DZC73_DT2009055543-1,-0.15782838029446786,-0.14263616641043123
TP20200815-DZC57_DT2009055527-1,-0.16043894798940833,-0.14117136354799784
TP20200824-WDL72_DT2009055581-1,-0.17020898725643074,-0.11276235757144348
TP20200824-WDL18_DT2009055565-1,-0.1608331223541056,-0.15913944045851475
TP20200814-DZC117_DT2009055445-1,-0.22208955667813246,-0.07359513935261627
TP20200815-DZC48_DT2009055518-1,-0.18136103991282143,-0.13703851719590668
TP20200824-WDL65_DT2009055576-1,-0.16421137223311108,-0.14417726714994308
TP20200814-DZC109_DT2009055437-1,-0.2233157962735204,-0.07375177563631669
TP20200814-DZC114_DT2009055442-1,-0.08455234225837109,-0.17348208813458046
TP20200824-WDL49_DT2009055571-1,-0.22051326462970328,-0.08819121283442984
TP20200814-DZC142_DT2009055470-1,-0.21563135563723704,-0.09404841749059784
TP20200815-DZC30_DT2009055500-1,-0.2236288866649386,-0.03172691638483154
TP20200824-WDL1_DT2009055561-1,-0.19654663262982192,-0.10801867052212304
TP20200825-WDL31_DT2009055597-1,-0.1334245385292793,-0.1735481132418325
TP20200825-WDL1_DT2009055592-1,-0.22438955845779188,-0.07044409406583887
TP20200825-WDL51_DT2009055604-1,-0.21346882377893617,-0.05454723678715016
TP20200815-DZC50_DT2009055520-1,-0.18896586380808456,-0.09475562431967353
TP20200815-DZC13_DT2009055483-1,-0.22367317784372623,-0.031243641633609813
TP20200815-DZC38_DT2009055508-1,-0.16425330070288602,-0.12013760540586275
TP20200825-WDL50_DT2009055603-1,-0.19737277158662614,-0.10607432011120697
TP20200824-WDL69_DT2009055578-1,-0.21508521119544083,-0.08059941931512198
TP20200815-DZC28_DT2009055498-1,-0.19882766683179148,-0.11805940281552611
TP20200824-WDL28_DT2009055566-1,-0.20765142685482432,-0.0896882372390713
TP20200825-WDL96_DT2009055614-1,-0.1958311853221635,-0.11487398987914375
TP20200815-DZC22_DT2009055492-1,-0.17602540498021962,-0.14361227241041982
TP20200815-DZC17_DT2009055487-1,-0.06973555091580087,-0.1754876744842246
TP20200825-WDL87_DT2009055612-1,-0.1947127969591515,-0.1168488927211067
TP20200815-DZC70_DT2009055540-1,-0.17731945075820127,-0.14068387687573866
TP20200825-WDL13_DT2009055594-1,-0.23586246534402963,-0.07248574052799822
TP20200815-DZC19_DT2009055489-1,-0.15472366080715352,-0.14205803435577213
TP20200824-WDL34_DT2009055567-1,-0.13868791395982877,-0.13652124679140765
TP20200814-DZC115_DT2009055443-1,-0.1830380590839533,-0.11328977197279733
TP20200825-WDL48_DT2009055601-1,-0.1807044469601428,-0.12524877138645207
TP20200815-DZC15_DT2009055485-1,-0.20627948495608653,-0.08855216863591818
TP20200824-WDL73_DT2009055582-1,-0.20039303099244654,-0.0786657529948287
TP20200825-WDL49_DT2009055602-1,-0.1775604207333441,-0.11110395725642172
TP20200815-DZC9_DT2009055479-1,-0.17116969648386515,-0.12627487360798745
TP20200815-DZC58_DT2009055528-1,-0.1803955658876804,-0.12576657979813252
TP20200824-WDL9_DT2009055563-1,-0.1868394144750627,-0.10028308663092408
TP20200815-DZC66_DT2009055536-1,-0.15349494265548785,-0.12919702785760617
TP20200825-WDL119_DT2009055619-1,-0.20461434082626193,-0.07748560054827956
TP20200823-QMN23_DT2009055554-1,-0.14743581308488307,-0.14890782688296741
TP20200815-DZC36_DT2009055506-1,-0.2257327901351207,-0.030559227929283492
TP20200815-DZC35_DT2009055505-1,-0.16048274483037067,-0.139486040998895
TP20200815-DZC12_DT2009055482-1,-0.17340566354050155,-0.1271164711419558
TP20200815-DZC5_DT2009055475-1,-0.1504691344033868,-0.1567754213930536
TP20200815-DZC62_DT2009055532-1,-0.1752719246879575,-0.14063491557246727
TP20200824-WDL71_DT2009055580-1,-0.1576630985607554,-0.14567936841870127
TP20200815-DZC45_DT2009055515-1,-0.18858637705917614,-0.1227965152911709
TP20200825-WDL41_DT2009055599-1,-0.20804739693819504,-0.10485534111433208
TP20200814-DZC106_DT2009055434-1,-0.22339637933782117,-0.07356423535108159
TP20200815-DZC43_DT2009055513-1,-0.20098700181242757,-0.09819770693835883
TP20200824-WDL39_DT2009055568-1,-0.20709901117898,-0.08712391496902899
TP20200824-WDL63_DT2009055575-1,-0.14555884792912804,-0.16771273471340986
TP20200815-DZC44_DT2009055514-1,-0.14986712664904622,-0.12897087029838952
TP20200815-DZC42_DT2009055512-1,-0.22860496028668065,-0.02809999496776777
TP20200815-DZC78_DT2009055548-1,-0.09541511472356894,-0.15737221022210193
TP20200824-WDL67_DT2009055577-1,-0.21504775260893289,-0.07693665407693279
TP20200815-DZC24_DT2009055494-1,-0.22586458864295655,-0.029290516945832363
TP20200815-DZC75_DT2009055545-1,-0.20887025711036292,-0.08819626443441765
TP20200815-DZC33_DT2009055503-1,-0.158759295789176,-0.14094122564401185
TP20200825-WDL92_DT2009055613-1,-0.1678489170000147,-0.06250896751625837
TP20200823-QMN50_DT2009055557-1,-0.12809665687834834,-0.13658370277238682
TP20200823-QMN30_DT2009055555-1,-0.15129271449570095,-0.14030708749141768
TP20200823-QMN4_DT2009055551-1,-0.08055865783569652,-0.19130824840814087
TP20200815-DZC61_DT2009055531-1,-0.19907120597548536,-0.10526322256088005
TP20200814-DZC10_DT2009055435-1,-0.22445069640495544,-0.07955810030921859
TP20200815-DZC46_DT2009055516-1,-0.1556465437782177,-0.1267524042961027
TP20200825-WDL57_DT2009055605-1,-0.2192744036043195,-0.055521873917633836
TP20200815-DZC77_DT2009055547-1,-0.23306088631860647,-0.08283976820523181
TP20200824-WDL76_DT2009055585-1,-0.17223237857195686,-0.12962273773822763
TP20200815-DZC59_DT2009055529-1,-0.19579834824565387,-0.10959914915449218
TP20200815-DZC51_DT2009055521-1,-0.1668009670154633,-0.14744091350571237
TP20200823-QMN58_DT2009055558-1,-0.16686148091453953,-0.12380512725012864
TP20200815-DZC60_DT2009055530-1,-0.18014593571715187,-0.10845733744949831
TP20200815-DZC67_DT2009055537-1,-0.167248054053924,-0.1465595784753481
TP20200825-WDL112_DT2009055618-1,-0.19589411841706095,-0.12068932599967098
TP20200815-DZC76_DT2009055546-1,-0.18504944902032863,-0.10991653887805654
TP20200815-DZC31_DT2009055501-1,-0.1951214104219509,-0.1074390971706926
TP20200825-WDL81_DT2009055610-1,-0.17573482993593592,-0.1145379796714243
TP20200825-WDL64_DT2009055606-1,-0.18027694174932002,-0.11353493654500746
TP20200814-DZC132_DT2009055460-1,-0.23526041033228318,-0.056117074604206146
TP20200824-WDL80_DT2009055589-1,-0.2207136087838405,-0.07040090128880136
TP20200823-QMN73_DT2009055560-1,-0.1498254678949267,-0.1475590848503631
TP20200824-WDL77_DT2009055586-1,-0.16012288409777867,-0.16433144617978385
TP20200814-DZC127_DT2009055455-1,-0.2010415962436781,-0.09454372325869083
TP20200824-WDL5_DT2009055562-1,-0.19086474152478264,-0.12254749472257641
TP20200825-WDL25_DT2009055596-1,-0.2289346877818611,-0.062315214466290465
TP20200825-WDL73_DT2009055608-1,-0.18390116895919262,-0.12874511350520335
TP20200825-WDL108_DT2009055617-1,-0.18646722888057218,-0.07101069805987939
TP20200815-DZC11_DT2009055481-1,-0.1716816787887564,-0.12507059209822619
TP20200824-WDL82_DT2009055591-1,-0.17457594174482982,-0.14561699773176023
TP20200825-WDL105_DT2009055616-1,-0.1852520817343939,-0.09933026462127233
TP20200815-DZC26_DT2009055496-1,-0.15502448953003825,-0.1433135219100678
TP20200824-WDL79_DT2009055588-1,-0.17839222809184535,-0.13838179510427842
TP20200823-QMN1_DT2009055550-1,-0.21256590718444804,-0.07326650696262443
TP20200815-DZC41_DT2009055511-1,-0.1988592377787747,-0.10690877544688268
TP20200815-DZC74_DT2009055544-1,-0.21174460391754743,-0.08422144986989154
TP20200815-DZC69_DT2009055539-1,-0.21434218351490103,-0.06069463769232953
TP20200814-DZC121_DT2009055449-1,-0.20996579225780665,-0.10766930578516884
TP20200815-DZC3_DT2009055473-1,-0.06931516374131957,-0.17591901207519148
TP20200815-DZC8_DT2009055478-1,-0.1932025035042735,-0.12363057252804602
TP20200824-WDL41_DT2009055569-1,-0.19371063273409284,-0.11287598016384168
TP20200815-DZC23_DT2009055493-1,-0.20065588979370264,-0.10535358093172009
TP20200825-WDL35_DT2009055598-1,-0.2136766665625432,-0.11899362603288062
TP20200814-DZC105_DT2009055433-1,-0.18990591429964754,-0.1114411457936133
TP20200815-DZC53_DT2009055523-1,-0.1597744036615857,-0.14117792497279863
TP20200824-WDL81_DT2009055590-1,-0.2157484727199528,-0.08322583551545597
TP20200823-QMN67_DT2009055559-1,-0.13273726232299557,-0.14628429331824763
TP20200815-DZC47_DT2009055517-1,-0.2201560261297547,-0.05577298057434034
TP20200812-DBC1_DT2009055224-1,-0.13835365680637876,-0.12258684835018223
TP20200812-DBC2_DT2009055225-1,-0.17313793778768424,-0.1276052899160711
TP20200812-DBC3_DT2009055226-1,-0.1775203284462154,-0.12667418002976127
TP20200812-DBC4_DT2009055227-1,-0.1491918716780281,-0.15542563838395043
TP20200812-DBC5_DT2009055228-1,-0.18697217430667282,-0.12868136373766165
TP20200812-DBC6_DT2009055229-1,-0.15895367631552193,-0.17261438161186277
TP20200812-DBC7_DT2009055230-1,-0.17626900882941013,-0.13811047662171613
TP20200812-DBC8_DT2009055231-1,-0.17333035976585642,-0.14436954345190134
TP20200812-DBC17_DT2009055240-1,-0.17136224915542153,-0.13242802251107066
TP20200812-DBC18_DT2009055241-1,-0.15612640953314902,-0.15737453577689103
TP20200812-DBC19_DT2009055242-1,-0.17933365699873394,-0.10739280081252472
TP20200812-DBC20_DT2009055243-1,-0.17188187664253335,-0.12936870700405825
TP20200812-DBC21_DT2009055244-1,-0.18949908637277152,-0.12396464723613042
TP20200812-DBC22_DT2009055245-1,-0.1634498596707753,-0.14456466835033957
TP20200812-DBC23_DT2009055246-1,-0.17251072036382303,-0.13033013205298205
TP20200812-DBC24_DT2009055247-1,-0.16721189549352522,-0.14412066679414104
TP20200812-DBC25_DT2009055248-1,-0.16716084114610735,-0.15049596016568279
TP20200812-DBC26_DT2009055249-1,-0.2023473893412256,-0.10319270796282654
TP20200812-DBC27_DT2009055250-1,-0.18335112119057276,-0.12467509561441342
TP20200812-DBC28_DT2009055251-1,-0.1965646150519303,-0.10553236276835447
TP20200812-DBC29_DT2009055252-1,-0.1922356499210407,-0.12334320166652066
TP20200812-DBC30_DT2009055253-1,-0.17394439377156168,-0.14452063667910145
TP20200812-DBC31_DT2009055254-1,-0.13480115831803152,-0.1472663747509152
TP20200812-DBC32_DT2009055255-1,-0.18545561737180283,-0.1346859277421796
TP20200812-DBC33_DT2009055256-1,-0.1779854489786756,-0.13694219004695832
TP20200812-DBC34_DT2009055257-1,-0.15639257375665697,-0.1713374973164027
TP20200812-DBC35_DT2009055258-1,-0.1366625670933125,-0.15533191150711706
TP20200812-DBC36_DT2009055259-1,-0.1807235787819911,-0.14316081957292132
TP20200812-DBC37_DT2009055260-1,-0.1819561530171677,-0.14672506566229432
TP20200812-DBC38_DT2009055261-1,-0.16572502895704921,-0.15515973625849716
TP20200812-DBC39_DT2009055262-1,-0.17104512146871087,-0.12637498272771786
TP20200812-DBC40_DT2009055263-1,-0.1787910328203636,-0.130861448231826
TP20200812-DBC41_DT2009055264-1,-0.17069794306500513,-0.14650481278236094
TP20200812-DBC42_DT2009055265-1,-0.1471661584423976,-0.15952915541280294
TP20200812-DBC43_DT2009055266-1,-0.17374926096312657,-0.1289615430455214
TP20200812-DBC44_DT2009055267-1,-0.15118707638903095,-0.17125660363108697
TP20200812-DBC45_DT2009055268-1,-0.17417288572338477,-0.13334316808055333
TP20200812-DBC46_DT2009055269-1,-0.16470031208569852,-0.1444244396257041
TP20200812-DBC47_DT2009055270-1,-0.15203792907029173,-0.160947728674294
TP20200812-DBC48_DT2009055271-1,-0.15536945983818734,-0.12884053486033775
TP20200812-DBC49_DT2009055272-1,-0.15914962669366203,-0.16830176401222544
TP20200812-DBC50_DT2009055273-1,-0.1569709545030411,-0.16498940578386775
TP20200812-DBC51_DT2009055274-1,-0.16794367309320618,-0.14148937054213975
TP20200812-DBC52_DT2009055275-1,-0.17413249582707674,-0.12966499265208464
TP20200812-DBC53_DT2009055276-1,-0.16270253901599133,-0.16204555439748647
TP20200812-DBC55_DT2009055278-1,-0.178016425531854,-0.12997525932486279
TP20200812-DBC57_DT2009055280-1,-0.17230477068721958,-0.14036926844279501
TP20200812-DBC58_DT2009055281-1,-0.160115781530089,-0.1552781020540683
TP20200812-DBC59_DT2009055282-1,-0.1692529411749434,-0.14375117633377255
TP20200812-DBC60_DT2009055283-1,-0.1605764797842407,-0.163808627411546
TP20200812-DBC62_DT2009055285-1,-0.18849168699019642,-0.14125172916549059
TP20200812-DBC63_DT2009055286-1,-0.17055642325744752,-0.14791290906922586
TP20200812-DBC64_DT2009055287-1,-0.16389046992610587,-0.1687483590659063
TP20200812-DBC65_DT2009055288-1,-0.16496693934328002,-0.15140085513767448
TP20200812-DBC66_DT2009055289-1,-0.16326669943556615,-0.13598333445094463
TP20200812-DBC68_DT2009055291-1,-0.1664734551527801,-0.14315501656750748
TP20200812-DBC70_DT2009055293-1,-0.15122855471149313,-0.16145042492854306
TP20200812-DBC71_DT2009055294-1,-0.17542968661898228,-0.13069703345948686
TP20200812-DBC72_DT2009055295-1,-0.1618088286582133,-0.16337246217450885
TP20200812-DBC73_DT2009055296-1,-0.1800086379928469,-0.10956973053843959
TP20200812-DBC74_DT2009055297-1,-0.17101792827654694,-0.13374203076956956
TP20200812-DBC75_DT2009055298-1,-0.15128112943366112,-0.12854612983474228
TP20200812-DBC77_DT2009055300-1,-0.16182293911555506,-0.14005454080757812
TP20200812-DBC85_DT2009055308-1,-0.17726365814271144,-0.13845203068802497
TP20200812-DBC88_DT2009055311-1,-0.186657396002535,-0.11040567154014551
TP20200812-DBC92_DT2009055315-1,-0.18007367586816414,-0.14615837860561584
TP20200812-DBC93_DT2009055316-1,-0.1741149248585237,-0.11423948796551996
TP20200812-DBC95_DT2009055318-1,-0.16347516619237898,-0.16411848704644846
TP20200812-DBC100_DT2009055323-1,-0.1747781305566374,-0.13223421993579867
TP20200812-DBC101_DT2009055324-1,-0.16144999634743704,-0.15813575705821267
TP20200812-DBC102_DT2009055325-1,-0.16476127285382097,-0.15291882335769774
TP20200812-DBC103_DT2009055326-1,-0.16606936438254233,-0.1283339490579261
TP20200812-DBC105_DT2009055328-1,-0.13702606252075208,-0.14770875908218772
TP20200814-DZC3_DT2009055331-1,-0.21529639075501253,-0.10350216222211732
TP20200814-DZC5_DT2009055333-1,-0.21981953932855997,-0.05699101021831556
TP20200814-DZC17_DT2009055345-1,-0.21294048120437167,-0.06088007045676753
TP20200814-DZC20_DT2009055348-1,-0.20918481978357842,-0.08440983114697623
TP20200814-DZC24_DT2009055352-1,-0.24633436292846642,-0.037283878225752104
TP20200814-DZC27_DT2009055355-1,-0.22178065634403057,-0.10346739794616386
TP20200814-DZC28_DT2009055356-1,-0.18927918973404848,-0.09133753628872016
TP20200814-DZC31_DT2009055359-1,-0.2373864151068587,-0.048456213152647414
TP20200814-DZC34_DT2009055362-1,-0.23760782524580212,-0.047399264409628224
TP20200814-DZC37_DT2009055365-1,-0.24582948605060967,-0.00466126615118553
TP20200814-DZC38_DT2009055366-1,-0.243726079964992,-0.03528501641389464
TP20200814-DZC39_DT2009055367-1,-0.18523002368050842,-0.09946029237472571
TP20200814-DZC40_DT2009055368-1,-0.25750271537839664,-0.0179818964377765
TP20200814-DZC41_DT2009055369-1,-0.20056212482207927,-0.08983230099516343
TP20200814-DZC42_DT2009055370-1,-0.19518304546382323,-0.10039004251894673
TP20200814-DZC43_DT2009055371-1,-0.19375724264368765,-0.1002224285393126
TP20200814-DZC44_DT2009055372-1,-0.2218800182203611,-0.05690726500114233
TP20200814-DZC46_DT2009055374-1,-0.16827311796123784,-0.13580620349354133
TP20200814-DZC49_DT2009055377-1,-0.1800749337901028,-0.09603826901122563
TP20200814-DZC50_DT2009055378-1,-0.2204655855692821,-0.05460088733765233
TP20200814-DZC51_DT2009055379-1,-0.20755700703580307,-0.08722900560015202
TP20200814-DZC53_DT2009055381-1,-0.21616532685838252,-0.09928188228650513
TP20200814-DZC54_DT2009055382-1,-0.23054902707027838,-0.05556620042631443
TP20200814-DZC56_DT2009055384-1,-0.2187493147136588,-0.07924119422370822
TP20200814-DZC58_DT2009055386-1,-0.20092924978102691,-0.1143529586839543
TP20200814-DZC59_DT2009055387-1,-0.23142736273200645,-0.05573239906126348
TP20200814-DZC60_DT2009055388-1,-0.21777621112119802,-0.10598456578833294
TP20200814-DZC62_DT2009055390-1,-0.22111768170652293,-0.0778056116783793
TP20200814-DZC63_DT2009055391-1,-0.20401122759554013,-0.06552704104026721
TP20200814-DZC64_DT2009055392-1,-0.21180357534536523,-0.1234797490860937
TP20200814-DZC65_DT2009055393-1,-0.08709640614106368,-0.15994979949411128
TP20200814-DZC66_DT2009055394-1,-0.1799723148905627,-0.11588442440613494
TP20200814-DZC68_DT2009055396-1,-0.191964323425646,-0.09976628226789179
TP20200814-DZC70_DT2009055398-1,-0.19604826223528501,-0.10239768706406206
TP20200814-DZC72_DT2009055400-1,-0.19270799179048603,-0.09837029449564423
TP20200814-DZC73_DT2009055401-1,-0.2203190855364287,-0.08340843697497957
TP20200814-DZC74_DT2009055402-1,-0.1840077775820435,-0.10368804870971896
TP20200814-DZC75_DT2009055403-1,-0.25891071135105054,-0.017935593677850838
TP20200814-DZC76_DT2009055404-1,-0.22287898638107742,-0.09821974727871688
TP20200814-DZC79_DT2009055407-1,-0.17344575014673838,-0.13758164146557944
TP20200814-DZC80_DT2009055408-1,-0.21534133499336602,-0.08701714662228502
TP20200814-DZC84_DT2009055412-1,-0.19795882191354175,-0.10764750491812645
TP20200814-DZC85_DT2009055413-1,-0.2143435347441911,-0.0929494087667271
TP20200814-DZC88_DT2009055416-1,-0.21300774751285076,-0.08025848812253437
TP20200814-DZC92_DT2009055420-1,-0.19331023686401455,-0.11852627389730654
TP20200814-DZC93_DT2009055421-1,-0.18037766910656697,-0.13266579950737378
TP20200814-DZC94_DT2009055422-1,-0.19206679644322477,-0.11875833561384438
TP20200814-DZC95_DT2009055423-1,-0.11439783811493513,-0.15013929801645637
TP20200814-DZC96_DT2009055424-1,-0.24898846249480613,-0.03365488294189394
TP20200814-DZC97_DT2009055425-1,-0.20620188863169783,-0.09792560397681246
TP20200814-DZC100_DT2009055428-1,-0.2418935167623543,-0.04168262695937468
TP20200814-DZC103_DT2009055431-1,-0.2066429370611942,-0.085322910750006975
T1900044535_TS20190001,-0.2714688272952448,0.15039507649737896
T1900044536_TS20190002,-0.2758356147099801,0.17255885592097864
T1900044537_TS20190003,-0.28099959149903964,0.13233331707666146
T1900044538_TS20190004,-0.29638487520407353,0.17070560299068327
T1900044539_TS20190005,-0.27447906186076554,0.18462261352220036
T1900044540_TS20190006,-0.2611465292183885,0.14494730505645134
T1900044541_TS20190007,-0.2728244420516259,0.14895554167039202
T1900044542_TS20190008,-0.28455729137783636,0.13568993643926397
T1900044543_TS20190009,-0.26683333510136775,0.1613071780133567
T1900044544_TS20190010,-0.25482334435909343,0.17579283142194324
T1900044545_TS20190011,-0.2550255472825084,0.16206953126071577
T1900044546_TS20190012,-0.27842659637357703,0.15385794536515468
T1900044547_TS20190013,-0.28973900458970925,0.17753870461361881
T1900044548_TS20190014,-0.2913390248710101,0.172357003146092
T1900044549_TS20190015,-0.25515741598708364,0.15245372177917066
T1900044550_TS20190016,-0.28871994021687586,0.16985024370071622
T1900044551_TS20190017,-0.27807738457926834,0.1474147325171832
T1900044552_TS20190018,-0.28258426357220434,0.14666445455081287
T1900044553_TS20190019,-0.27617011771953137,0.1628864769052784
T1900044554_TS20190020,-0.27347932952408244,0.15186377275927213
T1900044555_TS20190021,-0.28786569188065525,0.165421766912792
T1900044556_TS20190022,-0.2914118082081367,0.19407846024812692
T1900044557_TS20190023,-0.29049123862406967,0.15372661641368168
T1900044558_TS20190024,-0.2892672465164612,0.1786347060058387
T1900044559_TS20190025,-0.27642446720847014,0.16406411161573536
T1900044560_TS20190026,-0.28453485235936965,0.1629086279642284
T1900044561_TS20190027,-0.26561979108547146,0.17416875336679155
T1900044562_TS20190028,-0.250294889065918,0.17249583908200308
T1900044563_TS20190029,-0.2782511372662394,0.1781722003493535
T1900044564_TS20190030,-0.29686065766000097,0.16768480573314276
T1900044565_TS20190031,-0.21937127521554992,0.16299872078083957
T1900044566_TS20190032,-0.2873432825150456,0.1674642354855723
T1900044567_TS20190033,-0.29309280821778216,0.16614308300804947
T1900044568_TS20190034,-0.2485782560273726,0.1567098535630651
T1900044569_TS20190035,-0.27510509733221405,0.16156411062133594
T1900044570_TS20190036,-0.27345545426636625,0.17433027218880182
T1900044571_TS20190037,-0.2790225910045817,0.18745404450033692
T1900044572_TS20190038,-0.28705392674998503,0.16965408653331865
T1900044573_TS20190039,-0.290849674317663,0.1678411460480718
T1900044574_TS20190040,-0.1964804444447374,0.11762396500230349
T1900044575_TS20190041,-0.2833899691965875,0.16235110886413492
T1900044576_TS20190042,-0.1795987090372238,0.14435690929951608
T1900044577_TS20190043,-0.2702688599441994,0.15107993925205854
T1900044578_TS20190044,-0.23903029852058835,0.14013021383182409
T1900044579_TS20190045,-0.20699422142272708,0.08238818052166308
T1900044580_TS20190046,-0.29027880984335935,0.20112635523996522
T1900044581_TS20190047,-0.24367304202872647,0.17468201315282048
T1900044582_TS20190048,-0.28642817522877456,0.17050320092162108
T1900044583_TS20190049,-0.2388004539325205,0.1739878890022899
T1900044584_TS20190050,-0.30674555208365206,0.16777780074656234
T1900044585_TS20190051,-0.2595328132439578,0.15263853528177615
T1900044586_TS20190052,-0.24864346928253636,0.14612121828398125
T1900044587_TS20190053,-0.18089553374859652,0.14870772714334846
T1900044588_TS20190054,-0.20817967058661946,0.12732692846335739
T1900044589_TS20190055,-0.23269449590627597,0.12619056312718754
T1900044590_TS20190056,-0.28548520832303337,0.16928605319901535
T1900044591_TS20190057,-0.17404508155686943,0.0814290096882869
T1900044592_TS20190058,-0.18343665326615066,0.1499174868499031
T1900044593_TS20190059,-0.27945693595355564,0.18507784367370886
T1900044594_TS20190060,-0.28793622688619186,0.1653868067110375
T1900044595_TS20190061,-0.24964901815245277,0.14730344155156042
T1900044596_TS20190062,-0.1786922744195684,0.14488195607404206
T1900044597_TS20190063,-0.21036542640349845,0.1280387636123476
T1900044598_TS20190064,-0.272218451870439,0.15523015696345874
T1900044599_TS20190065,-0.2870237883543014,0.16317935996255536
T1900044600_TS20190066,-0.2918607666798315,0.17818952234388782
T1900044601_TS20190067,-0.2914053954986049,0.18041476370538795
T1900044602_TS20190068,-0.19687452087792595,0.1855348859023861
T1900044604_TS20190070,-0.17657590256495537,0.11315830818396685
T1900044605_TS20190071,-0.18062943768574846,0.0831318356696338
T1900044606_TS20190072,-0.17614964032858801,0.10908521176108046
T1900044607_TS20190073,-0.27931239240272265,0.17255290560323705
T1900044608_TS20190074,-0.26677879201505333,0.15432032547481853
T1900044609_TS20190075,-0.18832751307358786,0.08163332632003616
T1900044610_TS20190076,-0.29836306398552637,0.20193747112662036
T1900044611_TS20190077,-0.18579767105973435,0.07768973381333034
T1900044612_TS20190078,-0.2923507993360526,0.16676954573878086
T1900044614_TS20190080,-0.22822842726282122,0.1230061407485413
T1900044615_TS20190081,-0.20046911247780994,0.003978127733600828
T1900044616_TS20190082,-0.1515796831416801,-0.061718556906528374
T1900044620_TS20190086,-0.205389710619165,0.015411380837351994
T1900044621_TS20190087,-0.19340565028065224,-0.004165943751330452
T1900044622_TS20190088,-0.18906529945324624,-1.6317801225035128e-4
T1900044623_TS20190089,-0.23335639107588282,0.011632358376027056
T1900044625_TS20190091,-0.1744191604055459,-0.04523243484277535
T1900044627_TS20190093,-0.1919702297942232,-0.007949543047513222
T1900044629_TS20190095,-0.21253142413878623,0.040144877154694794
T1900044630_TS20190096,-0.2216286337092824,0.03667112078191431
T1900044631_TS20190097,-0.17568570403101313,-0.02325041622377194
T1900044632_TS20190098,-0.22528210824292494,0.006220098678373458
T1900044633_TS20190099,-0.17236895036927963,-0.039845871523216364
T1900044634_TS20190100,-0.20730492584144503,0.01933362760748628
T1900044635_TS20190101,-0.2138923894234123,0.01993487462073983
T1900044636_TS20190102,-0.1862315359476427,-0.014531958973055488
T1900044637_TS20190103,-0.21405516199599084,0.019773044690717455
T1900044638_TS20190104,-0.19503612356851746,-0.0020103721572363323
T1900044639_TS20190105,-0.1734716943015198,-0.045977568246559984
T1900044640_TS20190106,-0.1427697694031664,-0.05657527827666512
T1900044641_TS20190107,-0.18504193531341706,0.00342317031809332
T1900044642_TS20190108,-0.19846518174420744,-0.01353248593415752
T1900044643_TS20190109,-0.21734530373438934,0.03187631642307166
T1900044644_TS20190110,-0.2028227350965289,0.003181956012415397
T1900044645_TS20190111,-0.22511366774247385,0.040286424945730384
T1900044646_TS20190112,-0.19039518581726983,-0.018169244972608162
T1900044647_TS20190113,-0.16623573071879072,0.006196980403959781
T1900044648_TS20190114,-0.20662886592665575,0.03771019314187265
T1900044649_TS20190115,-0.20801594274355234,0.018864344490758432
T1900044650_TS20190116,-0.22703236936347299,0.033488436174314
T1900044651_TS20190117,-0.1683637006925707,-0.034155578004023766
T1900044652_TS20190118,-0.193438932905124,0.012612467643748917
T1900044653_TS20190119,-0.19906616800551413,0.012969208054089049
T1900044654_TS20190120,-0.24049920292095278,0.04859270732015065
T1900044655_TS20190121,-0.29198610111122913,0.18988446380036667
T1900044657_TS20190123,-0.27666967844269136,0.18067284747640833
T1900044659_TS20190125,-0.30074895734450274,0.15580179705711614
T1900044660_TS20190126,-0.12178256474979814,0.10128731597814358
T1900044661_TS20190127,-0.2822587774672867,0.19282305977177652
T1900044663_TS20190129,-0.2710323814682995,0.20542882773057294
T1900044664_TS20190130,-0.27236650400821344,0.20571299637098298
T1900044665_TS20190131,-0.21249480265307522,0.18705208171509308
T1900044666_TS20190132,-0.2837098184519957,0.19202918119075363
T1900044669_TS20190135,-0.2513556409416296,0.18193200592660272
T1900044670_TS20190136,-0.2835260152018838,0.20403703335992185
T1900044671_TS20190137,-0.2836105478194561,0.201615194834839
T1900044672_TS20190138,-0.2636028466150058,0.18715144618872664
T1900044673_TS20190139,-0.11656356750479979,0.10623391384547387
T1900044674_TS20190140,-0.3038394693145782,0.15483008321145075
T1900044676_TS20190142,-0.281512378163676,0.183162433347373
T1900044677_TS20190143,-0.2719880598098085,0.18013063553455366
T1900044678_TS20190144,-0.2749563868054582,0.1843909386137893
T1900044679_TS20190145,-0.2741934172524538,0.18664595927213326
T1900044680_TS20190146,-0.22807133794797102,0.16030861560836868
T1900044681_TS20190147,-0.24700341763265427,0.17946723422652605
T1900044682_TS20190148,-0.299896608235867,0.15604253589605377
T1900044683_TS20190149,-0.12075751275706986,0.10235642031306227
T1900044684_TS20190150,-0.1468613164500542,0.16195550920595
T1900044685_TS20190151,-0.2556505071101928,0.19885527070467449
T1900044686_TS20190152,-0.09852838345091326,-0.02897837006313925
T1900044687_TS20190153,-0.19458559346926588,0.17103463920383666
T1900044688_TS20190154,-0.05435713973313513,-0.07997883974030698
T1900044689_TS20190155,-0.27873702360936714,0.2127607999604757
T1900044690_TS20190156,-0.2214539557846232,0.18141894337480807
T1900044691_TS20190157,-0.2354453580641474,0.18820104218317799
T1900044692_TS20190158,-0.10247655409028066,-9.042129228331413e-4
T1900044693_TS20190159,-0.2482531393667366,0.19035819298829168
T1900044694_TS20190160,-0.056146229001981234,-0.0969275095531677
T1900044695_TS20190161,-0.2713576830738763,0.21021557160832005
T1900044696_TS20190162,-0.23883972648365726,0.18659509615906006
T1900044697_TS20190163,-0.145485758660426,0.04706495051880367
T1900044698_TS20190164,-0.233411353442405,0.18743598447023666
T1900044699_TS20190165,-0.2344043213504227,0.19846073655039573
T1900044700_TS20190166,-0.2504977165907032,0.19393725002169526
T1900044701_TS20190167,-0.10574705683879178,0.04345156257818411
T1900044702_TS20190168,-0.23184996239709119,0.19882139523900336
T1900044703_TS20190169,-0.10809498963560563,-0.011753216888384379
T1900044705_TS20190171,-0.2240598224317363,0.18692698276959857
T1900044706_TS20190172,-0.2255190268806253,0.19643185752747847
T1900044708_TS20190174,-0.24740319309688252,0.14158833559314976
T1900044709_TS20190175,-0.272055293550295,0.17824113248943044
T1900044711_TS20190177,-0.2282432337844455,0.16633826067167584
T1900044713_TS20190179,-0.26049348277889856,0.13563985501422832
T1900044714_TS20190180,-0.21009339901577948,0.11489307269857682
T1900044715_TS20190181,-0.2528483368691118,0.17477301972790213
T1900044716_TS20190182,-0.26876150005234717,0.18052180302408152
T1900044717_TS20190183,-0.26117149644519583,0.14178935984868832
T1900044718_TS20190184,-0.21744473198843442,0.19334445455067767
T1900044719_TS20190185,-0.28007155789953625,0.17329948539731171
T1900044720_TS20190186,-0.2318482637416921,0.1421819094807673
T1900044722_TS20190188,-0.2549106097162054,0.13612523794115908
T1900044723_TS20190189,-0.23266737456899447,0.1442104355730343
T1900044724_TS20190190,-0.217268275868639,0.19261119260249399
T1900044725_TS20190191,-0.26161436918512165,0.1305664293018185
T1900044726_TS20190192,-0.2731778174578165,0.19018119070583567
T1900044727_TS20190193,-0.2907420641884209,0.1857757997762942
T1900044728_TS20190194,-0.25765899422856287,0.1727855583497175
T1900044729_TS20190195,-0.253610370470384,0.1373862486869488
T1900044730_TS20190196,-0.25808920152158654,0.12791683066918388
T1900044731_TS20190197,-0.27768919708659834,0.19173252117302536
T1900044732_TS20190198,-0.27295144239605745,0.18742836261824627
T1900044734_TS20190200,-0.26116099383930724,0.17710921455756967
T1900044735_TS20190201,-0.21141530003852296,0.1901174706842383
T1900044736_TS20190202,-0.2255821745283012,0.16475172398875557
T1900044737_TS20190203,-0.23842211438788236,0.17190728535975588
T1900044738_TS20190204,-0.21914877380206524,0.19482724488412376
T1900044739_TS20190205,-0.26519993675051096,0.13673852206586717
T1900044740_TS20190206,-0.24894577179614844,0.1408500025774736
T1900044741_TS20190207,-0.22721271279574393,0.1363010144191192
T1900044742_TS20190208,-0.2300698253907308,0.14327648617736446
T1900044743_TS20190209,-0.29290090532113466,0.1552328394963591
T1900044744_TS20190210,-0.2626361683010046,0.18811532567963027
T1900044745_TS20190211,-0.262793711708742,0.18637971623788813
T1900044746_TS20190212,-0.26911336942173475,0.16464025139713517
T1900044747_TS20190213,-0.23585587803745633,0.15971166743347798
T1900044748_TS20190414,-0.26159631714453285,0.18806541654451703
T1900044749_TS20190415,-0.2265808190927685,0.160494929588058
T1900044750_TS20190416,-0.2802546569008556,0.18886777795839318
T1900044751_TS20190417,-0.23116242516646396,0.14813314176176962
T1900044752_TS20190418,-0.2530495813835429,0.14752745827491134
T1900044754_TS20190420,-0.2403107704708519,0.1572376003815489
T1900044755_TS20190421,-0.24457811135369542,0.16572413564969707
T1900044756_TS20190222,-0.2849442223223772,0.15847330815180075
T1900044757_TS20190223,-0.24405837476823222,0.0660641103883962
T1900044758_TS20190224,-0.2701187348773481,0.15896943504804634
T1900044759_TS20190225,-0.26915206002284403,0.14054703577079353
T1900044760_TS20190226,-0.2908833225387736,0.1548897915549391
T1900044761_TS20190227,-0.2893473011565946,0.15748264763406525
T1900044762_TS20190228,-0.2892464533437674,0.13224691838555522
T1900044763_TS20190229,-0.23263488567756638,0.07271515109382214
T1900044764_TS20190230,-0.2793556922270065,0.15227156122527474
T1900044765_TS20190231,-0.26801472407343596,0.11991387299942356
T1900044766_TS20190232,-0.2899134324390823,0.15827179609186803
T1900044767_TS20190233,-0.284667092179475,0.1289685616844056
T1900044768_TS20190234,-0.2802480184028545,0.1273138864514886
T1900044769_TS20190235,-0.29073581240087004,0.15993451402006603
T1900044770_TS20190236,-0.2822207059678145,0.11923833183804679
T1900044771_TS20190237,-0.2838622245128526,0.17787324530728943
T1900044772_TS20190238,-0.2879902266711296,0.13048194138460883
T1900044773_TS20190239,-0.28581320351667283,0.12877458195843314
T1900044774_TS20190240,-0.2819030419851646,0.1284960858737382
T1900044775_TS20190241,-0.28783520497371107,0.15687250029573233
T1900044776_TS20190242,-0.2816905530809474,0.11624631182979048
T1900044777_TS20190243,-0.2766992666389348,0.12344461437934537
T1900044778_TS20190244,-0.2794260820556014,0.13604882353498052
T1900044779_TS20190245,-0.2825732832893887,0.1154526435505227
T1900044780_TS20190246,-0.29536600302666943,0.1737770727690004
T1900044781_TS20190247,-0.26860174647676827,0.16713263112275958
T1900044782_TS20190248,-0.27183089873482685,0.09916066115148196
T1900044783_TS20190249,-0.2870887084024235,0.1251632815274843
T1900044784_TS20190250,-0.27669736278761103,0.13625483834670107
T1900044785_TS20190251,-0.2528961381509649,0.11751669488491219
T1900044786_TS20190252,-0.28718665854166586,0.1606672032527886
T1900044787_TS20190253,-0.2786845690513811,0.15805261904064796
T1900044788_TS20190254,-0.2940407531314227,0.18602867350734256
T1900044789_TS20190255,-0.27760391544612045,0.2017378856539813
T1900044790_TS20190256,-0.29237086415181035,0.20003243486925618
T1900044791_TS20190257,-0.2927729506062107,0.2056040278795358
T1900044792_TS20190258,-0.2976610053410652,0.20200173452546097
T1900044793_TS20190259,-0.2924960456940705,0.20422015080335132
T1900044794_TS20190260,-0.2732675181632828,0.17319836811668538
T1900044795_TS20190261,-0.26041179128675646,0.19292097152291046
T1900044796_TS20190262,-0.27711596755161494,0.16722264571309256
T1900044797_TS20190263,-0.28443792589912886,0.19020942289042145
T1900044798_TS20190264,-0.2824579774798945,0.17505570821821917
T1900044799_TS20190265,-0.24917804380432398,0.17345323859725098
T1900044800_TS20190266,-0.27430040870527467,0.18488281335744897
T1900044801_TS20190267,-0.29142470743694593,0.20437906845186535
T1900044802_TS20190268,-0.28772449175628856,0.17230888255157029
T1900044803_TS20190269,-0.304022361909153,0.20274931819708422
T1900044804_TS20190270,-0.28349124682669047,0.21098952621224176
T1900044805_TS20190271,-0.2959069650624966,0.17943537354475214
T1900044806_TS20190272,-0.29488792988067253,0.1926313494038699
T1900044807_TS20190273,-0.2872414002136052,0.1926854498509102
T1900044808_TS20190274,-0.2936152071572993,0.20173592247651237
T1900044809_TS20190275,-0.25058244468954477,0.1735126063561498
T1900044810_TS20190276,-0.2915206699077471,0.19790049119582767
T1900044811_TS20190277,-0.27283778065385506,0.16366249668632896
T1900044812_TS20190278,-0.2824461686091396,0.21813268336047872
T1900044813_TS20190279,-0.3128894223994575,0.19559899797238597
T1900044814_TS20190280,-0.2651228400664104,0.197112029783164
T1900044815_TS20190281,-0.29252389751293567,0.20474862616627965
T1900044816_TS20190282,-0.2991508515877249,0.2006981796299037
T1900044817_TS20190283,-0.3057917453826753,0.19454859408837907
T1900044818_TS20190284,-0.27448612759900765,0.184187835362448
T1900044819_TS20190285,-0.27777431690151366,0.19627452415304864
T1900044820_TS20190286,-0.29281162266493044,0.20566547888872785
T1900044821_TS20190287,-0.2782895392198704,0.23201148857091472
T1900044822_TS20190288,-0.29006798650128346,0.16984698873217374
T1900044823_TS20190289,-0.2929150109679599,0.19625634377184475
T1900044824_TS20190290,-0.2703458918572794,0.22883242890625727
T1900044825_TS20190291,-0.268069282513184,0.1755956057216761
T1900044826_TS20190292,-0.23869791049949735,0.19614667851003678
T1900044827_TS20190293,-0.31266558876655,0.19591749450513124
T1900044828_TS20190294,-0.250761327509449,0.11489629848141986
T1900044829_TS20190295,-0.23887982945649625,0.16119456192718112
T1900044830_TS20190296,-0.2552099360795087,0.1155128493567168
T1900044831_TS20190297,-0.2611434118169842,0.13620512769921397
T1900044832_TS20190298,-0.28622124656194464,0.16179440207100054
T1900044833_TS20190299,-0.26166552972986207,0.13833208137532976
T1900044834_TS20190300,-0.2450249532514054,0.13968116998661212
T1900044835_TS20190301,-0.21150855062669788,0.1621671215344381
T1900044836_TS20190302,-0.24343504501357022,0.13703058373148722
T1900044837_TS20190303,-0.26891514407680095,0.1307034369958959
T1900044838_TS20190304,-0.22797318911127995,0.1586070453787342
T1900044839_TS20190305,-0.29001208687699986,0.13901204679673823
T1900044840_TS20190306,-0.25220701678495844,0.11619078083829143
T1900044841_TS20190307,-0.2549102923866713,0.11647743285460588
T1900044842_TS20190308,-0.23698137028360824,0.12804164232482534
T1900044843_TS20190309,-0.24580450272889542,0.15829534334502962
T1900044844_TS20190310,-0.25665875058837445,0.11528950967676779
T1900044845_TS20190311,-0.2968737849362162,0.16738191156379364
T1900044846_TS20190312,-0.2556757036720481,0.1282520479814821
T1900044847_TS20190313,-0.21079432175003363,0.1520213522822231
T1900044848_TS20190314,-0.25763915132923637,0.1321221383429371
T1900044849_TS20190315,-0.2560565555529657,0.16654807284202153
T1900044850_TS20190316,-0.2760328200691354,0.13364432867297193
T1900044851_TS20190317,-0.26200162662527215,0.1361015332589711
T1900044852_TS20190318,-0.24601632062339493,0.1460174890840477
T1900044853_TS20190319,-0.27241045249129037,0.14339672352833885
T1900044854_TS20190320,-0.21381046593890474,0.1569907834902526
T1900044855_TS20190321,-0.2934449532136475,0.16728471594984204
T1900044856_TS20190322,-0.2931713590364706,0.1392144745853743
T1900044857_TS20190323,-0.23846160290622853,0.15419810030796652
T1900044858_TS20190324,-0.24726346636660607,0.14461717686980155
T1900044859_TS20190325,-0.2619310028729548,0.13008765382881587
T1900044860_TS20190326,-0.25287563988622813,0.12210573550494071
T1900044861_TS20190327,-0.23787680882212536,0.13491796707734646
T1900044862_TS20190328,-0.26941030824780726,0.12790466602901496
T1900044863_TS20190329,-0.24986622046431856,0.11139358907109873
T1900044864_TS20190330,-0.19345886152360198,0.1433495971923818
T1900044865_TS20190331,-0.27493804379924336,0.1530468100962195
T1900044866_TS20190332,-0.2657501545500356,0.12775411086648522
T1900044867_TS20190333,-0.21419229985312555,0.14506438202150476
T1900044868_TS20190334,-0.2536349523631082,0.110817642435767
T1900044869_TS20190335,-0.2792816915916468,0.19473724326491795
T1900044870_TS20190336,-0.2503622992789987,0.14127203362733698
T1900044872_TS20190338,-0.2081893988207501,0.08976667606199704
T1900044873_TS20190339,-0.26861798012194044,0.15798196972196088
T1900044874_TS20190340,-0.25570053677070975,0.16132433590709597
T1900044876_TS20190342,-0.2742110224852801,0.15509277179652559
T1900044877_TS20190343,-0.25911460180619467,0.15407042555435324
T1900044879_TS20190345,-0.25666804071448085,0.15303882004810546
T1900044880_TS20190346,-0.2653593001037329,0.16809263898127194
T1900044883_TS20190349,-0.2994025971789016,0.15702239825185793
T1900044885_TS20190351,-0.2328525408486739,0.11506913107466442
T1900044888_TS20190354,-0.2659900501512014,0.15711607204287253
T1900044889_TS20190355,-0.17317453287002513,0.0717939824204336
T1900044890_TS20190356,-0.24361630863952535,0.11088883349416938
T1900044892_TS20190358,-0.2590106479765421,0.16003309282078462
T1900044894_TS20190360,-0.21775720523912834,0.13355521017735758
T1900044897_TS20190363,-0.285172037367892,0.1595189818690867
T1900044899_TS20190365,-0.27145692021930923,0.15336076814139896
T1900044904_TS20190370,-0.25876312151372954,0.12411814312639861
T1900044908_TS20190374,-0.2755564638999708,0.22150874419546143
T1900044910_TS20190376,-0.2604568683754708,0.17380770753669456
T1900044912_TS20190378,-0.29048968362125394,0.21204475116733107
T1900044913_TS20190379,-0.29961868716896345,0.21961301387462792
T1900044914_TS20190380,-0.2767369585480693,0.19747878856499412
T1900044915_TS20190381,-0.2831755698401022,0.21364584026559832
T1900044916_TS20190382,-0.292627249936979,0.20805483336882286
T1900044917_TS20190383,-0.30699927019714945,0.21122898157420358
T1900044918_TS20190384,-0.270704777824061,0.19097676155103555
T1900044919_TS20190385,-0.23581949867918478,0.15102594163503144
T1900044920_TS20190386,-0.29457361615267275,0.2197385811602284
T1900044921_TS20190387,-0.2740518700758616,0.2209105977554871
T1900044923_TS20190389,-0.2797271304907861,0.17738718588843685
T1900044924_TS20190390,-0.2717066639713244,0.21820201952433074
T1900044925_TS20190391,-0.278306764158638,0.2036166931658163
T1900044926_TS20190392,-0.2940894196770919,0.21104751499003072
T1900044927_TS20190393,-0.27812277194016066,0.17452261646065856
T1900044928_TS20190394,-0.2735534626050041,0.17402040465522753
T1900044929_TS20190395,-0.2943689845945245,0.21860514335563555
T1900044930_TS20190396,-0.29781087742610873,0.19228693495616975
T1900044931_TS20190397,-0.2691159585610105,0.19326255339893075
T1900044932_TS20190398,-0.284345005952128,0.19982704997915116
T1900044933_TS20190399,-0.29866488955109677,0.21638080640747556
T1900044934_TS20190400,-0.2623526215047585,0.19840530191166436
T1900044935_TS20190401,-0.27914097751334027,0.20419646960735155
T1900044936_TS20190402,-0.2612547808731156,0.1903261027753411
T1900044937_TS20190403,-0.30136298305879256,0.2120869081194682
T1900044938_TS20190404,-0.29943149084460163,0.1930473655284507
T1900044939_TS20190405,-0.2859067132042384,0.2167237572048736
T1900044940_TS20190406,-0.29061484967248236,0.20308481202940884
T1900044941_TS20190407,-0.2904517425692864,0.20253152085064546
T1900044942_TS20190408,-0.2600681298644172,0.1882900686222678
T1900044943_TS20190409,-0.2803056327740789,0.18821199608090364
T1900044944_TS20190410,-0.2996581403006021,0.21402271023480612
T1900044945_TS20190411,-0.23566387830643343,0.1531802716699161
T1900044946_TS20190412,-0.2965434281598361,0.21964873501263743
T2001009361_TS20190215,-0.2758157492742688,0.12647933122600222
T2001009362_TS20190216,-0.2802602201479643,0.16379387571120912
T2001009363_TS20190217,-0.26106480076362626,0.1266869466848444
T2001009364_TS20190218,-0.27308086488181776,0.1805348987135373
T2001009365_TS20190219,-0.27038300915190083,0.0966486706652307
T2001009366_TS20190220,-0.28402125662945005,0.15850855055289156
T2001009367_TS20190221,-0.2550028917411141,0.10324496088824842
T2001009368_TS-100,-0.20910115139589477,0.053576277056109026
TP20200815-DZC27_DT2009055497-1,-0.25115737096057295,0.15110027671073742
TP20200815-DZC37_DT2009055507-1,-0.2789086417775795,0.12473054597608214
TP20200814-DZC129_DT2009055457-1,-0.24802221514748093,0.16484587065317738
TP20200814-DZC104_DT2009055432-1,-0.28165632687281994,0.19022043859956211
TP20200814-DZC133_DT2009055461-1,-0.28355929167183885,0.19489377927300333
TP20200815-DZC39_DT2009055509-1,-0.24061198757623564,0.16283418639482536
TP20200814-DZC135_DT2009055463-1,-0.2695454764296356,0.16161067467613488
TP20200814-DZC123_DT2009055451-1,-0.27995050313681596,0.16872876036280593
TP20200814-DZC140_DT2009055468-1,-0.2667427559676935,0.18299886436878066
TP20200814-DZC119_DT2009055447-1,-0.2489003129629024,0.11489377353659722
TP20200814-DZC125_DT2009055453-1,-0.286418226584448,0.18112110840324216
TP20200814-DZC141_DT2009055469-1,-0.20875202678101992,0.126258271775253
TP20200814-DZC113_DT2009055441-1,-0.24125919760172665,0.14129667018616052
TP20200814-DZC138_DT2009055466-1,-0.2527547177026098,0.17913592751050333
TP20200815-DZC14_DT2009055484-1,-0.2906004633940455,0.11222649931427046
TP20200815-DZC32_DT2009055502-1,-0.29479245885170163,0.13947469291008005
TP20200814-DZC131_DT2009055459-1,-0.26474348275653503,0.14248513691560397
TP20200815-DZC40_DT2009055510-1,-0.19314418525991692,0.12763817367012287
TP20200814-DZC122_DT2009055450-1,-0.29495660639339266,0.17321642673034854
TP20200814-DZC108_DT2009055436-1,-0.20579382380832895,0.1536972653031621
TP20200814-DZC126_DT2009055454-1,-0.2787634653758767,0.17398243765478785
TP20200814-DZC111_DT2009055439-1,-0.2386021418160286,0.14654424509546715
TP20200814-DZC116_DT2009055444-1,-0.24899929501855222,0.16251974221480747
TP20200815-DZC16_DT2009055486-1,-0.2420639625228562,0.1233798686910596
TP20200814-DZC112_DT2009055440-1,-0.2543950745661205,0.16388697420452036
TP20200814-DZC136_DT2009055464-1,-0.2816418168540707,0.1477258775840612
TP20200815-DZC10_DT2009055480-1,-0.24851133063960307,0.13854526004681406
TP20200814-DZC1_DT2009055329-1,-0.25322286657656,0.15860621197587568
TP20200814-DZC2_DT2009055330-1,-0.2833482768777294,0.16716020694713665
TP20200814-DZC4_DT2009055332-1,-0.28273415110846556,0.1587236152250488
TP20200814-DZC7_DT2009055335-1,-0.24463364098614146,0.1483728294673367
TP20200814-DZC8_DT2009055336-1,-0.27207979413922506,0.15302186445274218
TP20200814-DZC9_DT2009055337-1,-0.2454291944347424,0.1525171208407277
TP20200814-DZC11_DT2009055339-1,-0.22864375657370717,0.1504518978034897
TP20200814-DZC12_DT2009055340-1,-0.28403001998596883,0.20125198353916895
TP20200814-DZC13_DT2009055341-1,-0.27243610943105606,0.18009867637421406
TP20200814-DZC15_DT2009055343-1,-0.2470090893888865,0.18242242531458813
TP20200814-DZC16_DT2009055344-1,-0.29029899660867575,0.13089308552866002
TP20200814-DZC18_DT2009055346-1,-0.2435198978827792,0.11081297434402837
TP20200814-DZC19_DT2009055347-1,-0.2344448304053577,0.1682255422677899
TP20200814-DZC21_DT2009055349-1,-0.22647778702886676,0.1387925898137461
TP20200814-DZC22_DT2009055350-1,-0.29118464376856623,0.1869566750993166
TP20200814-DZC23_DT2009055351-1,-0.27363925970763847,0.1254254593835781
TP20200814-DZC25_DT2009055353-1,-0.2851324686973945,0.18884854579181284
TP20200814-DZC26_DT2009055354-1,-0.23090641360618558,0.16123891155466968
TP20200814-DZC29_DT2009055357-1,-0.29532578136519294,0.15952166540819665
TP20200814-DZC30_DT2009055358-1,-0.2523784220648701,0.17705663173269903
TP20200814-DZC32_DT2009055360-1,-0.27880877930555303,0.18136180329199486
TP20200814-DZC33_DT2009055361-1,-0.2675188799152897,0.17493286336658975
TP20200814-DZC35_DT2009055363-1,-0.29238798408200106,0.19830646527170462
TP20200814-DZC36_DT2009055364-1,-0.24928212653419884,0.16435662168158652
TP20200814-DZC45_DT2009055373-1,-0.28080515100970743,0.2020282798105309
TP20200814-DZC47_DT2009055375-1,-0.2564418419570631,0.14130579586869654
TP20200814-DZC48_DT2009055376-1,-0.25347544842068453,0.14879617134758816
TP20200814-DZC52_DT2009055380-1,-0.26912256347106406,0.19092734690443944
TP20200814-DZC55_DT2009055383-1,-0.19665736158697028,0.1422961231948071
TP20200814-DZC57_DT2009055385-1,-0.2339038284949927,0.16383126611042154
TP20200814-DZC61_DT2009055389-1,-0.2695196288046109,0.1577597015772054
TP20200814-DZC67_DT2009055395-1,-0.27050220879981074,0.14925554597910135
TP20200814-DZC77_DT2009055405-1,-0.24018451583251438,0.15856627200393
TP20200814-DZC78_DT2009055406-1,-0.27339822709736017,0.15921664346461376
TP20200814-DZC81_DT2009055409-1,-0.2894982202422538,0.18188499076810383
TP20200814-DZC83_DT2009055411-1,-0.2907474363120748,0.19156949631730522
TP20200814-DZC86_DT2009055414-1,-0.24465333750239052,0.08528386643255464
TP20200814-DZC87_DT2009055415-1,-0.23842886166885716,0.16816208247887754
TP20200814-DZC89_DT2009055417-1,-0.2765359268272905,0.15833494234735235
TP20200814-DZC90_DT2009055418-1,-0.2760855390678529,0.16462467837101624
TP20200814-DZC98_DT2009055426-1,-0.2803509305386207,0.19347142638111742
TP20200814-DZC99_DT2009055427-1,-0.3024662298346072,0.1746064674711247
TP20200814-DZC101_DT2009055429-1,-0.23643829332136324,0.1655957781957319
T1900045312_YK20190001,0.2444611980691489,0.03705186180184355
T1900045313_YK20190002,0.24737891637571863,0.030477516854226422
T1900045314_YK20190003,0.12738177002560577,0.008333741834492368
T1900045315_YK20190004,0.24071581063448355,0.0727546797983198
T1900045316_YK20190005,0.2490860180451978,0.028450322068610926
T1900045317_YK20190006,0.07162261925876322,-0.009974383526325818
T1900045318_YK20190007,0.22264479010812693,0.061091138063469504
T1900045319_YK20190008,0.18826306959246186,0.05491335276937637
T1900045320_YK20190009,0.2785468682414805,0.04662699490262577
T1900045321_YK20190010,0.24981593138388947,0.02498784020255882
T1900045322_YK20190011,0.2504078223244557,0.0293091486714672
T1900045323_YK20190012,0.06052153797337343,-0.010827319011017309
T1900045324_YK20190013,0.12376040027968993,0.006759483371562563
T1900045325_YK20190014,0.19807202469436105,0.06453720929373039
T1900045326_YK20190015,0.20820083077734805,0.062133699268017616
T1900045327_YK20190016,0.24837179625881875,0.02711964358170099
T1900045328_YK20190017,0.23447158695077885,0.05258827249305806
T1900045329_YK20190018,0.24232741695258167,0.05088107234287873
T1900045330_YK20190019,0.26095587588144326,0.03999407328930629
T1900045331_YK20190020,0.24641553261317672,0.04564829092634562
T1900045332_YK20190021,0.23161573222446846,0.051732702685635644
T1900045333_YK20190022,0.2777791020684225,0.0352363290140092
T1900045334_YK20190023,0.25072826084709177,0.031713232382510115
T1900045335_YK20190024,0.21948564235171986,0.045026441904027825
T1900045336_YK20190025,0.221191926127638,0.06104071943909727
T1900045337_YK20190026,0.1831111463201024,0.051959065829489046
T1900045338_YK20190027,0.2593385746533757,0.04042696953890846
T1900045339_YK20190028,0.22699751005773222,0.04454848753028341
T1900045340_YK20190030,0.245801184727683,0.056738529838587404
T1900045341_YK20190031,0.26128392745870327,0.047463429996218595
T1900045342_YK20190032,0.2349028577299,0.0721169933088589
T1900045343_YK20190033,0.2778096960876373,0.0472528117402125
T1900045344_YK20190034,0.22106354908726236,0.06169736215688505
T1900045345_YK20190035,0.18381803361046428,0.053567651016246824
T1900045346_YK20190036,0.2758073219150605,0.03994181377393818
T1900045347_YK20190037,0.2411980512363113,0.05055496032795462
T1900045348_YK20190038,0.23676608436224736,0.05011079524526802
T1900045349_YK20190039,0.2779670287747773,0.04675109103568763
T1900045350_YK20190040,0.24426671057264712,0.035916489438064615
T1900045351_YK20190041,0.25088096838700824,0.03034292958481703
T1900045352_YK20190042,0.23145828044589511,0.04220793145915519
T1900045353_YK20190043,0.2541780543370984,0.05526985393930087
T1900045354_YK20190044,0.2208778184824003,0.04584072515842294
T1900045355_YK20190045,0.24885803806723195,0.028653146778801028
T1900045356_YK20190046,0.18278167345883145,0.05483804556527319
T1900045357_YK20190047,0.25040516497534604,0.02914126318415674
T1900045358_YK20190048,0.249438461395182,0.024737605142661816
T1900045359_YK20190049,0.24036139863635517,0.04852888481711663
T1900045360_YK20190050,0.24955243088794857,0.025738096384193023
T1900045361_YK20190051,0.35236586551784915,0.08616372624485477
T1900045362_YK20190052,0.18038300917485817,0.027868545731520908
T1900045363_YK20190053,0.25016653636302016,-0.01766811530088635
T1900045364_YK20190054,0.24996758198845226,0.024015830469713454
T1900045365_YK20190055,0.16862873594736308,-0.031206736761320693
T1900045366_YK20190056,0.2725196771937884,6.691648866206774e-4
T1900045367_YK20190057,0.34465865904273535,0.07211144024846652
T1900045368_YK20190058,0.19568890936350156,-0.01100270875043926
T1900045369_YK20190059,0.24315739129678313,0.001612668131309456
T1900045371_YK20190061,0.20787253247993248,4.229839990972936e-4
T1900045373_YK20190063,0.14476152063447664,-0.009615010809309559
T1900045375_YK20190065,0.29596450063576,0.07054500244002047
T1900045376_YK20190066,0.29163877795888465,0.04340249572004588
T1900045378_YK20190068,0.2701291947916136,0.04449655994879542
T1900045380_YK20190070,0.2829961554727906,0.04161596647006165
T1900045381_YK20190071,0.1839136371453522,-0.004057749599768612
T1900045382_YK20190072,0.1457284577327641,-0.026058269755587053
T1900045384_YK20190074,0.27206354935372484,0.020512179831593494
T1900045385_YK20190075,0.30452021045824174,0.05304756142379582
T1900045386_YK20190076,0.29350005486689384,0.05892485471894063
T1900045388_YK20190078,0.2600028995073582,0.008325367552142558
T1900045389_YK20190079,0.24786782881617805,-0.014099710880608586
T1900045390_YK20190080,0.2669237181667884,0.013053096339822268
T1900045391_YK20190081,0.27559785602911024,0.018338157765773137
T1900045392_YK20190082,0.2976769731352107,0.08149594632436508
T1900045393_YK20190083,0.23520947219197208,0.0032738957010797314
T1900045394_YK20190084,0.2759227905320308,0.06266413564530728
T1900045395_YK20190085,0.23504778763988465,0.028406506043795098
T1900045396_YK20190086,0.24259081313992245,7.521846940592767e-4
T1900045397_YK20190087,0.3375659547729277,0.07411211918250776
T1900045398_YK20190088,0.2822801141439178,0.02518819060057027
T1900045399_YK20190089,0.27118445941112856,0.04839090918829842
T1900045400_YK20190090,0.22998761276523125,-0.007706254026752755
T1900045403_YK20190093,0.29480707522401717,0.021052590410234804
T1900045404_YK20190094,0.31288485871611765,0.0607656330172179
T1900045406_YK20190096,0.2848455797993781,0.0689261029309971
T1900045407_YK20190097,0.3300485180046212,0.06478515867831483
T1900045408_YK20190098,0.30631401968818933,0.08777810062800862
T1900045409_YK20190099,0.31922230791422745,0.06776137872124544
T1900045410_YK20190100,0.3104790993084841,0.08972462052515251
T1900045411_YK20190101,0.2884609770198962,0.07132581145915275
T1900045412_YK20190102,0.3523451580684808,0.05247803526475584
T1900045413_YK20190103,0.3593299624122046,0.08815649472610051
T1900045414_YK20190104,0.31083744422609644,0.06128378423835422
T1900045415_YK20190105,0.34585662370619313,0.05464262026478907
T1900045416_YK20190106,0.3421400745250765,0.07920003946635829
T1900045417_YK20190107,0.3483666701025111,0.05561218329145789
T1900045418_YK20190108,0.3427999682747629,0.07636043478116748
T1900045419_YK20190109,0.33823484375181356,0.06977156493331294
T1900045420_YK20190110,0.3477008962055449,0.09059895639429646
T1900045421_YK20190111,0.3289265040166315,0.07509777304042613
T1900045422_YK20190112,0.34758578472221635,0.07481388413244837
T1900045423_YK20190113,0.32493316909749775,0.07651716801784307
T1900045424_YK20190115,0.34544506075495995,0.06145633865192989
T1900045425_YK20190116,0.28528902887674007,0.0697509540409803
T1900045426_YK20190117,0.32661240122960344,0.07061473159679957
T1900045427_YK20190118,0.32703470234620324,0.0563962508617263
T1900045428_YK20190119,0.31838045716632773,0.061166077906394216
T1900045429_YK20190120,0.24560070886115984,0.054291500480538775
T1900045430_YK20190121,0.3492977016804746,0.06359736249621536
T1900045432_YK20190123,0.33387307795467924,0.07608967130812404
T1900045433_YK20190124,0.29569531774414404,0.07451586472213897
T1900045435_YK20190126,0.2998531130046428,0.04512879992608777
T1900045436_YK20190127,0.2738086284489294,0.04843176107672166
T1900045441_YK20190132,0.30255360179631474,0.0751184143450123
T1900045442_YK20190133,0.3140365865516437,0.05743999478228211
T1900045443_YK20190134,0.3506325380197043,0.0664176864526717
T1900045445_YK20190136,0.2619991380422661,0.04695326377496914
T1900045446_YK20190137,0.2868524909961954,0.06562993873894912
T1900045447_YK20190138,0.258820430522058,0.05527108277341261
T1900045448_YK20190139,0.2834470606678487,0.07297514946601813
T1900045449_YK20190140,0.3202905395743107,0.056535430513918794
T1900045450_YK20190141,0.2656701376669155,0.0728997731725395
T1900045451_YK20190142,0.28500275839298334,0.05443919850986223
T1900045452_YK20190143,0.24814711957983493,0.017231760953702255
T1900045453_YK20190144,0.23428795385647458,0.005645514601516432
T1900045454_YK20190145,0.3236738950921833,0.06797788499153093
T1900045455_YK20190146,0.28124679855714363,0.07217173514513235
T1900045456_YK20190147,0.26627470052915514,0.03180554114735138
T1900045457_YK20190148,0.2828618918877494,0.0715592966363476
T1900045458_YK20190149,0.24687650474608103,0.007572461092223465
T1900045459_YK20190150,0.2873219177433861,0.09961817075577811
T1900045460_YK20190151,0.2907048253738368,0.10832796094692355
T1900045461_YK20190152,0.29277749009851073,0.07628130272919355
T1900045462_YK20190153,0.29925888598079875,0.06576840949573941
T1900045463_YK20190154,0.29855104124461174,0.08575397003808444
T1900045464_YK20190155,0.2446306700922497,0.07555977579539727
T1900045465_YK20190156,0.35502418630652133,0.045556254258944696
T1900045466_YK20190157,0.3519649682472275,0.043427718986610186
T1900045467_YK20190158,0.3339077635842203,0.09468976139812724
T1900045468_YK20190159,0.24811923299400013,0.07637493536526989
T1900045469_YK20190160,0.289752546355692,0.08525557263317027
T1900045470_YK20190161,0.2871149554095274,0.08777039933450625
T1900045471_YK20190162,0.3348405402202996,0.07048863945849607
T1900045473_YK20190165,0.2938645170666068,0.06267328898082603
T1900045474_YK20190167,0.29998873992881403,0.09050090603598149
T1900045475_YK20190169,0.33427514831772753,0.07252304099748699
T1900045476_YK20190170,0.30684472436901256,0.09133346605030972
T1900045477_YK20190171,0.28764848693672473,0.08251312974767785
T1900045478_YK20190172,0.32514779443664493,0.06093121326047008
T1900045479_YK20190173,0.3402401832529416,0.06817421567348395
T1900045480_YK20190174,0.3252877542439398,0.0586521000036078
T1900045481_YK20190175,0.3547605430260849,0.043175307001867176
T1900045482_YK20190176,0.32990588164564855,0.09270049695543246
T1900045483_YK20190177,0.33896108231350314,0.08755895115966347
T1900045484_YK20190178,0.31424309899987635,0.0770965556272749
T1900045485_YK20190179,0.2943199741657008,0.062177185741494057
T1900045486_YK20190180,0.3279251306987595,0.06272909455573052
T1900045487_YK20190181,0.25080566251109626,0.07263553967824474
T1900045488_YK20190182,0.24061771841718896,0.05022450623846014
T1900045489_YK20190183,0.35670068909926766,0.05547827375202909
T1900045490_YK20190184,0.3481199464871232,0.053346561342494096
T1900045491_YK20190185,0.37069067343581813,0.05610844035903116
T1900045492_YK20190186,0.3473365549967072,0.0523181126899751
T1900045493_YK20190187,0.32573836480435736,0.04301306648643384
T1900045494_YK20190188,0.2990049522068266,0.003269161420979695
T1900045495_YK20190189,0.32926771772442376,0.04846135096318988
T1900045496_YK20190190,0.3207408810125258,0.07423321522703541
T1900045497_YK20190191,0.24703947147594904,0.06288447628465355
T1900045498_YK20190192,0.28260702971818535,0.06911780530795394
T1900045499_YK20190193,0.3167290775024367,0.053339495638342595
T1900045500_YK20190194,0.2966449160093387,0.015443589754428737
T1900045501_YK20190195,0.353673215050938,0.062057971615067826
T1900045502_YK20190196,0.2801941405791025,0.05993874688937158
T1900045503_YK20190197,0.34904792213253005,0.05430285843239422
T1900045504_YK20190198,0.2846076173202954,0.05312784557626415
T1900045505_YK20190199,0.3163007116305433,0.0770242144698827
T1900045506_YK20190200,0.29492043814325813,0.013070644675404154
T1900045507_YK20190201,0.36774490231379897,0.06740171365375804
T1900045508_YK20190202,0.34669034129426424,0.05133206444136675
T1900045509_YK20190203,0.25551204611765416,0.05493531737598586
T1900045510_YK20190204,0.2992457558519988,0.07251703674329302
T1900045511_YK20190205,0.3476822709995221,0.052213021759609
T1900045512_YK20190206,0.28489426518675615,0.054280064670909046
T1900045513_YK20190207,0.3183941744075372,0.07763878439885778
T1900045514_YK20190208,0.2966867360099456,0.016044919250233512
T1900045515_YK20190209,0.3100942020707547,0.057845319483085945
T1900045516_YK20190210,0.3095198564542363,0.056477827230771153
T1900045517_YK20190211,0.3171030089582514,0.052370694636483486
T1900045518_YK20190212,0.32292218678948836,0.07870026803931009
T1900045519_YK20190213,0.30480075532889167,0.07625549827419319
T1900045520_YK20190214,0.3475695476546472,0.05594857913335078
T1900045521_YK20190215,0.3412953195818423,0.08489024296825132
T1900045522_YK20190216,0.32182171871338067,0.08024128714635095
T1900045523_YK20190217,0.30183353763109266,0.05632869306834738
T1900045524_YK20190218,0.32345643649656497,0.08111099729572681
T1900045525_YK20190219,0.11435391106731677,0.014805558925413447
T1900045526_YK20190220,0.36849015448778333,0.05561404354016133
T1900045527_YK20190221,0.26355491071864967,0.06463085014926416
T1900045528_YK20190222,0.2780255352556244,0.05120400259488398
T1900045529_YK20190223,0.380351283790423,0.06230517870710359
T1900045530_YK20190224,0.31264181885579834,0.08057140778193225
T1900045531_YK20190225,0.2613313586414591,0.06562720062582302
T1900045532_YK20190226,0.29347920910523373,0.05789057319959214
T1900045533_YK20190227,0.2511735292559175,0.06961735577679476
T1900045534_YK20190228,0.2717325662245169,0.07273999742976989
T1900045535_YK20190229,0.22409228497541234,0.06291640074213713
T1900045536_YK20190230,0.3115603382525911,0.06588644653967016
T1900045537_YK20190231,0.31885650314115394,0.08531110136947032
T1900045538_YK20190232,0.3186935764690495,0.07479971467153299
T1900045539_YK20190233,0.20747357598981966,0.03463611010877042
T1900045540_YK20190234,0.3392966174903482,0.09225825544127735
T1900045541_YK20190235,0.2132083408458255,0.09247379537562125
T1900045542_YK20190236,0.35141529975292135,0.03275510253976404
T1900045543_YK20190237,0.27951380145985294,0.08549679085917486
T1900045544_YK20190238,0.2789973285345182,0.11790619337351085
T1900045545_YK20190239,0.3745294826518052,0.0863103415859363
T1900045546_YK20190240,0.3504676143740022,0.0777034315989439
T1900045547_YK20190241,0.36590195093502026,0.06356811333613065
T1900045548_YK20190242,0.33845110134948597,0.0784481743002065
T1900045549_YK20190243,0.3388561514016393,0.08414426027877177
T1900045550_YK20190244,0.19533977475421505,0.0483613514051015
T1900045551_YK20190245,0.2998252357323617,0.10266476577411124
T1900045552_YK20190246,0.3358374578655411,0.08428385943935429
T1900045553_YK20190247,0.2600994378402815,0.08707367827809158
T1900045554_YK20190248,0.3769086440473344,0.08415022568413033
T1900045555_YK20190249,0.3773878104131564,0.08361220418533159
T1900045556_YK20190250,0.2652522075863315,0.0692112910710271
T1900045557_YK20190251,0.2742198558356474,0.0809976810242626
T1900045559_YK20190253,0.3654740489614732,0.08354200993812642
T1900045560_YK20190254,0.35151551414134224,0.06627531563641251
T1900045561_YK20190255,0.3430541317715371,0.0718677597947552
T1900045562_YK20190256,0.3061914637469354,0.09871021049975434
T1900045563_YK20190257,0.27120361713706,0.0900357588182732
T1900045564_YK20190258,0.2914532854479126,0.059097631076758875
T1900045565_YK20190259,0.32882589067630663,0.07719307761682698
T1900045566_YK20190260,0.2645318501235936,0.11068366249155857
T1900045567_YK20190261,0.2564277180967943,0.07235652905398009
T1900045568_YK20190262,0.323945843330893,0.061385665018126714
T1900045569_YK20190263,0.3189484273636131,0.05504861928227795
T1900045570_YK20190264,0.2819797980682909,0.10237993540436796
T1900045571_YK20190265,0.3352187859541365,0.05937153939839909
T1900045572_YK20190266,0.35028091479278944,0.06985031503310653
T1900045573_YK20190267,0.33142372029222006,0.05228581954701432
T1900045574_YK20190268,-0.04076190562497827,-0.19087354555822175
T1900045575_YK20190269,0.3071482822826191,0.09055101025632252
T1900045589_YK20190283,0.2819514310866015,0.04632139160842141
T1900045626_YK20190320,0.29766899771328764,0.05041309127058365
T1900045627_YK20190321,0.2485547783790996,0.03718574754895865
T1900045628_YK20190322,0.32370456023165184,0.05474365163700325
T1900045629_YK20190323,0.3090323359297643,0.009081537488926596
T1900045630_YK20190324,0.2733199260063608,0.04143733266231967
T1900045631_YK20190325,0.3230460193408508,0.052281865090747365
T1900045632_YK20190326,0.1725398513498894,0.06726961303945478
T1900045633_YK20190327,0.2734073979621177,0.040136201252934885
T1900045634_YK20190328,0.3459278871856356,0.036804370261678925
T1900045635_YK20190329,0.2993085223164146,0.05106054310003042
T1900045636_YK20190330,0.2959548199005499,0.03253064511278135
T1900045637_YK20190331,0.31238979938177447,0.05056115695412468
T1900045638_YK20190332,0.28913144161782334,0.06511252152860238
T1900045639_YK20190333,0.1692775965581439,0.07057951062387384
T1900045640_YK20190334,0.28563742082305144,0.03272474130701889
T1900045641_YK20190335,0.3180982091793662,0.042957075216619234
T1900045642_YK20190336,0.3224271372723568,0.023754152270658798
T1900045643_YK20190337,0.31985551572667736,0.03170837636925219
T1900045644_YK20190338,0.2731242293801349,0.03937460183847914
T1900045645_YK20190339,0.30355286484182314,0.032909864754324045
T1900045646_YK20190340,0.2846217362194115,0.03150204773106112
T1900045647_YK20190341,0.2847141621255874,0.030150059101513825
T1900045648_YK20190342,0.3113511180722747,0.040300909096334186
T1900045649_YK20190343,0.2829081151369476,0.030455547078512706
T1900045650_YK20190344,0.24264467826315378,0.03363324737020081
T1900045651_YK20190345,0.32242557323611304,0.02263467364149861
T1900045652_YK20190346,0.30393982181105494,0.03508252244927692
T1900045653_YK20190347,0.3180732984954039,0.038268574997307105
T1900045654_YK20190348,0.2967380793633531,0.03042359593882866
T1900045655_YK20190349,0.3193926561719857,0.02020106157364918
T1900045656_YK20190350,0.30122868693798727,0.045747752623719995
T1900045657_YK20190351,0.3171665478888055,0.02777950811166673
T1900045658_YK20190352,0.24427899505325507,0.027563411333074373
T1900045659_YK20190353,0.3004955403499402,0.03136493307828958
T1900045660_YK20190354,0.31729483418179366,0.03956939559891759
T1900045661_YK20190355,0.3204745129816448,0.02937580525461877
T1900045662_YK20190356,0.2717311103761717,0.03796119049649217
T1900045663_YK20190357,0.31914525664768895,0.029324313640095512
T1900045664_YK20190358,0.3113288238547822,0.01052969145798293
T1900045665_YK20190359,0.29369538887332436,0.02898448931639221
T1900045666_YK20190360,0.3087230201599471,0.007344451505544661
T1900045667_YK20190361,0.16993791333100156,0.07009828615933457
T1900045668_YK20190362,0.3040132379551744,0.06367339471365056
T1900045669_YK20190363,0.26700119682805407,0.07006753300829811
T1900045670_YK20190364,0.31170856099881294,0.057759082649073056
T1900045671_YK20190365,0.31542137336317777,0.033180946614862594
T1900045672_YK20190366,0.32023692123956415,0.039797744139039824
T1900045673_YK20190367,0.3238571657618444,0.07071699299174253
T1900045674_YK20190368,0.3185590610862957,0.05833700631387119
T1900045675_YK20190369,0.2838323108732778,0.0779681951521566
T1900045676_YK20190370,0.21859922065104986,0.04846271670549522
T1900045677_YK20190371,0.32614848384121947,0.0604491841544293
T1900045678_YK20190372,0.31606602667700645,0.04607197151841258
T1900045679_YK20190373,0.31103308526598367,0.05743413903931229
T1900045680_YK20190374,0.30171080350622365,0.05107718517707312
T1900045681_YK20190375,0.2721434138399516,0.05216038256198886
T1900045682_YK20190376,0.30744774806553343,0.058949768859262085
T1900045683_YK20190377,0.24595755826474905,0.05542742380120031
T1900045684_YK20190378,0.36325607204165244,0.06274597326470711
T1900045685_YK20190379,0.28239146729596243,0.04782438955350476
T1900045686_YK20190380,0.2835684416656064,0.04973676792794707
T1900045687_YK20190381,0.3168501578234879,0.03564040041914788
T1900045688_YK20190382,0.2608762080127481,0.06481232354314247
T1900045689_YK20190383,0.2991939118439852,0.06706004196290573
T1900045690_YK20190384,0.31961307355591034,0.03207829024073428
T1900045691_YK20190385,0.3649947523634891,0.06346546506426237
T1900045692_YK20190386,0.2871177179739997,0.08117130922685013
T1900045693_YK20190387,0.28112058098631215,0.04927683319257511
T1900045694_YK20190388,0.3611518371628608,0.06156615877165723
T1900045695_YK20190389,0.3035233610549425,0.05187790863484439
T1900045696_YK20190390,0.30788946001323636,0.04177290618219285
T1900045697_YK20190391,0.3486646935800437,0.08003625945437626
T1900045698_YK20190392,0.30496982966578495,0.05630985657021556
T1900045699_YK20190393,0.3231651124327625,0.050805626058471276
T1900045700_YK20190394,0.30432746435438635,0.03961460233183467
T1900045701_YK20190395,0.3221731668747803,0.05196090316948506
T1900045702_YK20190396,0.3176101038020203,0.05829666395839779
T1900045703_YK20190397,0.2621957010442039,0.06592892727891692
T1900045704_YK20190398,0.28989536140306565,0.03164923381297855
T1900045705_YK20190399,0.30563372669550565,0.05033783173579072
T1900045706_YK20190400,0.30013574426318584,0.05718912365743209
T1900045707_YK20190401,0.32722155819987686,0.0703853833256769
T1900045708_YK20190402,0.30687187124461923,0.058530237666941994
T1900045709_YK20190403,0.31616027330553054,0.03983794108627699
T1900045710_YK20190404,0.25384546397006513,0.03342728288141257
T1900045711_YK20190405,0.23192675117822434,0.05074719766559227
T1900045712_YK20190406,0.2751065239869697,0.08399831292856087
T1900045713_YK20190407,0.2569302850239331,0.03343504714408763
T1900045714_YK20190408,0.24457581092028718,0.0495815714324067
T1900045715_YK20190409,0.3362301831796274,0.057896950736521305
T1900045716_YK20190410,0.22117950009290335,0.04968735979868105
T1900045717_YK20190411,0.36411066126639063,0.06594628329484066
T1900045718_YK20190412,0.2980166346638881,0.006217661115546465
T1900045719_YK20190413,0.2337687869711812,-0.04224834309496206
T1900045720_YK20190414,0.27445860725970606,-0.016366868405517744
T1900045721_YK20190415,0.2544059817479945,-0.03132948570394034
T1900045722_YK20190416,0.23597899272837652,-0.03768711368466997
T1900045723_YK20190417,0.2840772821364083,-0.013098341617475385
T1900045725_YK20190419,0.13714732830293835,-0.06707840876932161
T1900045726_YK20190420,0.21451562827967494,-0.05131878053462888
T1900045728_YK20190422,0.2587062415680428,-0.017831279189268183
T1900045729_YK20190423,0.29089543376461957,0.004842385032556892
T1900045730_YK20190424,0.19067007006561282,-0.057967573193018006
T1900045731_YK20190425,0.20515979041301244,-0.036860978137801696
T1900045732_YK20190426,0.27873844842579604,-9.967785732012812e-4
T1900045733_YK20190427,0.18595402104092928,-0.050061308085067806
T1900045734_YK20190428,0.24644353858202753,-0.0025506814292762994
T1900045735_YK20190429,0.21171291037226533,-0.034114275712345134
T1900045736_YK20190430,0.24826861252527535,-0.024226256844704967
T1900045737_YK20190431,0.28660415489121516,0.0021706629091343766
T1900045738_YK20190432,0.23468892976691808,-0.04783780829098705
T1900045739_YK20190433,0.23832070560568322,-0.003550548014551689
T1900045740_YK20190434,0.24116776638773374,-0.021235507804964446
T1900045741_YK20190435,0.2049889228745072,-0.06489637607604971
T1900045743_YK20190437,0.29801375358602245,0.009237541205528329
T1900045744_YK20190438,0.2760555638940671,-0.005689469509783757
T1900045746_YK20190440,0.2857854186734738,0.006724739632883983
T1900045747_YK20190441,0.21325429200488677,-0.044953227332662195
T1900045748_YK20190442,0.2803126554479546,0.0034908387518295717
T1900045749_YK20190443,0.2512156726695917,4.6967945900751746e-4
T1900045750_YK20190444,0.2320895158109457,-0.04557395485537612
T1900045751_YK20190445,0.2849011272989155,0.006563449070624022
T1900045752_YK20190446,0.19065191673286178,-0.05929530089409024
T1900045753_YK20190447,0.2841676505442469,0.008137794816535962
T1900045754_YK20190448,0.22908921551364544,-0.04930173850998456
T1900045755_YK20190449,0.20688171310802314,-0.04658734650710279
T1900045756_YK20190450,0.2400852178263779,-0.031551529551445474
T1900045757_YK20190451,0.26484957671658194,-0.010414915649211579
T1900045758_YK20190452,0.28278480369758835,-0.021252818760838607
T1900045759_YK20190453,0.143679041417515,-0.08538686939433106
T1900045760_YK20190454,0.2708441322958093,-0.01834393714909153
T1900045761_YK20190455,0.31562843624240755,0.010954942116209666
T1900045762_YK20190456,0.1656659178061201,-0.019873255528836356
T1900045764_YK20190458,0.28498922040988517,0.004203922328542556
T1900045765_YK20190459,0.25510078499408434,0.00725337745475636
T1900045767_YK20190461,0.2389333814648486,-0.022143472230612568
T1900045768_YK20190462,0.27745995725868217,0.10161421342989178
T1900045769_YK20190463,0.365338409705389,0.08012869826438435
T1900045770_YK20190464,0.20826044206586214,0.03085818424101377
T1900045771_YK20190465,0.2885198007736145,0.07226316033290019
T1900045772_YK20190466,0.2628844145453223,0.12133800850326007
T2001009370_Yak-NA,0.24349122971330403,0.08452579384745702
