Sample_ID,Richness,Shannon_index,Simpson_index
T1900044948_TA20190001,1446,6.149837410184328,0.9943238651022237
T1900044949_TA20190002,1436,6.177085947204193,0.9946212445051054
T1900044950_TA20190003,1367,6.166429388158855,0.9955400659923266
T1900044951_TA20190004,1227,5.9377940096730795,0.9906953630282996
T1900044952_TA20190005,1201,5.86045970169829,0.9933944224739754
T1900044953_TA20190006,1359,6.160316091990521,0.9952835155013792
T1900044954_TA20190008,1197,5.786174592876055,0.9919327493614033
T1900044955_TA20190009,1466,6.146699203890913,0.9941987518210466
T1900044956_TA20190011,1187,5.8024881743108185,0.9921076535176675
T1900044957_TA20190013,1186,5.85486138137504,0.993355365169432
T1900044958_TA20190014,1407,6.220486772090033,0.9952515311710789
T1900044959_TA20190016,1352,6.096462212132964,0.9942107018397612
T1900044960_TA20190018,1329,6.009217551409285,0.9930546863430003
T1900044961_TA20190021,1472,6.148586081982612,0.9941326141737741
T1900044962_TA20190024,1371,5.942230364821573,0.9922984220151155
T1900044965_TA20190027,1364,6.041405755568039,0.9931645153553763
T1900044966_TA20190028,1513,6.128973588702173,0.9926241597106885
T1900044967_TA20190029,1436,5.815887265128837,0.9858004264241049
T1900044968_TA20190030,1470,6.138704926261185,0.9933849141815764
T1900044969_TA20190031,1549,6.347843162996776,0.9955187386192662
T1900044977_TA20190039,1450,5.947026789858141,0.9913779172574974
T1900044978_TA20190040,1585,6.13879753283634,0.9902721280080744
T1900044979_TA20190041,1552,6.319308766885969,0.9950747701875023
T1900044980_TA20190042,1593,6.4248956408081135,0.996649459295627
T1900044981_TA20190043,1600,6.407080565204042,0.9964262246155952
T1900044985_TA20190047,1488,6.345572388386468,0.9964049084306401
T1900044986_TA20190048,1425,6.12338115510105,0.9943759634606636
T1900044987_TA20190049,1445,6.255203948213869,0.995649781699411
T1900044988_TA20190050,1412,6.243811646324927,0.9959512157908068
T1900044989_TA20190051,1420,6.109752626360045,0.9945409761706722
T1900044990_TA20190052,1427,6.255547532522343,0.9960449782135067
T1900044991_TA20190053,1398,6.094673191841245,0.9940998104650495
T1900044992_TA20190054,1498,6.325695919819938,0.9962870137936118
T1900044993_TA20190055,1421,6.2398690701206325,0.9959286849664012
T1900044994_TA20190056,1420,6.224374968059927,0.9957097222739145
T1900044995_TA20190057,1434,6.120072646736947,0.9943730760953893
T1900044996_TA20190058,1475,6.359410038863518,0.9964207274795227
T1900044997_TA20190059,1433,6.281601625267368,0.996265884501131
T1900044998_TA20190060,1425,6.144346601668062,0.9947605070586716
T1900044999_TA20190061,1493,6.381805572299286,0.9965545189715843
T1900045000_TA20190062,1421,6.2543406304945535,0.9960851971835206
T1900045001_TA20190063,1428,6.129994512572827,0.9946168833788157
T1900045002_TA20190064,1473,6.374236498860379,0.9965635667401831
T1900045003_TA20190065,1411,6.120001163159873,0.9942957613822223
T1900045004_TA20190066,1401,6.10293973418258,0.9941300574268563
T1900045005_TA20190067,1427,6.124871251362048,0.9944205549109391
T1900045006_TA20190068,1428,6.25931847716986,0.9960622180747118
T1900045007_TA20190069,1424,6.25381278526616,0.996065544557998
T1900045011_TC20190004,2254,6.995696712477822,0.9977636840426849
T1900045013_TC20190006,2507,7.060881429222491,0.9977951032115787
T1900045019_TC20190012,1766,6.532123410432598,0.9908463018784325
T1900045020_TC20190013,2319,6.869794078444416,0.9957633465824962
T1900045021_TC20190014,2318,6.878551574939023,0.9973002828233201
T1900045022_TC20190015,2481,7.1135787460552695,0.9979300620427566
T1900045023_TC20190016,2641,7.121201155513183,0.9975426573578293
T1900045024_TC20190017,2322,6.8928844836156955,0.9974049246116283
T1900045025_TC20190018,2411,7.113142961402237,0.9982373083795233
T1900045026_TC20190019,2540,7.029859883311975,0.9960422269911251
T1900045027_TC20190020,2461,7.068304772463978,0.9969364162241872
T1900045028_TC20190021,2366,6.52143696547934,0.9894525953938456
T1900045029_TC20190022,2407,7.112420999708111,0.9982739243389978
T1900045030_TC20190023,2718,7.226992324096804,0.9977489030808812
T1900045031_TC20190024,2319,6.841506298988525,0.995596593033764
T1900045032_TC20190025,2506,6.789656379512681,0.992589921517852
T1900045033_TC20190026,2051,7.065758944414914,0.9985208131813532
T1900045034_TC20190027,2584,7.140746466844983,0.9976922016249911
T1900045035_TC20190028,2691,7.210161573796035,0.997872286023226
T1900045036_TC20190029,2604,7.125675761779446,0.9976558277729832
T1900045037_TC20190030,2825,7.394535126877089,0.9988450271000419
T1900045038_TC20190031,2433,7.05354367760316,0.9981951593074746
T1900045039_TC20190032,2679,7.243281328838955,0.9984697787910017
T1900045040_TC20190033,2513,6.956312861906716,0.9946813777030654
T1900045041_TC20190034,2621,7.134831013653086,0.9976027932365851
T1900045042_TC20190035,2599,7.13218668461237,0.9976084935863683
T1900045043_TC20190036,2490,7.042807861384789,0.9967769496601638
T1900045044_TC20190037,2863,7.416833885198752,0.9988855090732665
T1900045045_TC20190038,2813,7.3936146251513994,0.9988386971366071
T1900045046_TC20190039,2456,7.05846554791673,0.9981952073698512
T1900045048_TC20190041,2382,6.636378172062642,0.9880993770218381
T1900045049_TC20190042,2504,7.051121619788998,0.9978639670369706
T1900045050_TC20190043,2605,7.059561544120445,0.9955257869441237
T1900045051_TC20190044,2434,6.7222001465738055,0.9915209516552796
T1900045053_TC20190046,2395,7.123996168081573,0.9981873621381029
T1900045054_TC20190047,2343,7.197853994741873,0.9984676436653872
T1900045055_TC20190048,2253,6.77451882225243,0.9951919772259488
T1900045056_TC20190049,2793,7.303978001754769,0.9985381179231478
T1900045058_TC20190051,2064,7.023136352638482,0.9983105212847333
T1900045060_TC20190053,2563,7.251340984466853,0.9986078296604627
T1900045061_TC20190054,2576,7.026094425282435,0.995374246953841
T1900045063_TC20190056,2466,6.866912683424334,0.9960855261341771
T1900045064_TC20190058,2521,7.045917639907748,0.9979061106346014
T1900045065_TC20190059,2525,7.039928292105026,0.9977806601497295
T1900045066_TC20190060,2661,7.1952929954639915,0.9980008351813852
T1900045067_TC20190061,2761,7.114543901150844,0.9978598733774283
T1900045068_TC20190062,2591,7.092050797063087,0.9969044226466979
T1900045070_TC20190064,2433,6.841747822295841,0.9949018333509375
T1900045071_TC20190065,2629,7.108171233672201,0.9975119258554787
T1900045072_TC20190066,2615,6.929634138700396,0.9950066104275614
T1900045073_TC20190067,2629,7.303809824878182,0.9986421308699338
T1900045074_TC20190068,2307,6.773222809266975,0.9941923602219002
T1900045075_TC20190069,2303,6.776707686935654,0.9950853347259665
T1900045076_TC20190070,2735,7.275959086514592,0.9985142581739423
T1900045077_TC20190071,2522,7.021522375159916,0.9957017737156365
T1900045078_TC20190072,2398,7.061323309667969,0.9982374652540268
T1900045079_TC20190073,2767,7.300830912906242,0.9985699307799532
T1900045080_TC20190074,2295,6.573017641274477,0.9907542245994547
T1900045081_TC20190075,2422,7.0408831042190405,0.9978944544109798
T1900045082_TC20190076,2659,7.173006776847276,0.9978284690615156
T1900045083_TC20190077,2464,6.742886593920358,0.9915209244966342
T1900045084_TC20190078,2651,7.189360024775522,0.9980239821170609
T1900045085_TC20190079,2364,7.043019926247449,0.9977486649018268
T1900045086_TC20190080,2400,6.906921089240812,0.9973687859735497
T1900045087_TC20190081,2257,6.832539149262216,0.9958615036330696
T1900045088_TC20190082,2434,6.920940156349657,0.9975561948247245
T1900045089_TC20190083,2635,7.1744668271518135,0.997837774131117
T1900045090_TC20190084,2535,7.0490713552808595,0.9978093945245097
T1900045091_TC20190085,2765,7.13067280682678,0.9979131903500326
T1900045092_TC20190086,2452,7.0579456747979945,0.9969232987750191
T1900045094_TC20190088,2275,7.023270340907235,0.9978841622878815
T1900045095_TC20190089,2600,7.121032734357345,0.997535242821142
T1900045096_TC20190090,2512,7.215934950227243,0.9985072246065188
T1900045097_TC20190091,2304,7.079085891507121,0.9982181485843961
T1900045098_TC20190092,2333,6.858232608364551,0.9953387095198281
T1900045099_TC20190093,2685,7.224364639449474,0.9979192824674618
T1900045100_TC20190094,2355,6.8379394043881225,0.9954203238535647
T1900045101_TC20190095,2422,6.938564721403533,0.9977043994485872
T1900045102_TC20190096,2461,6.786681934892453,0.9924914898669216
T1900045103_TC20190097,2688,7.265566070720676,0.9985186665909175
T1900045104_TC20190098,2503,7.114457551452781,0.9980539989153965
T1900045105_TC20190099,2593,7.100111291184815,0.9975830520084941
T1900045106_TC20190100,2510,7.166901882410903,0.9983284409578455
T1900045107_TC20190101,2377,6.824911882991675,0.9946419886850846
T1900045108_TC20190102,2612,6.89327369979504,0.9946775649372896
T1900045109_TC20190103,2776,7.3859248121104,0.9988401130231217
T1900045110_TC20190104,2762,7.289295259673253,0.9984955376771809
T1900045111_TC20190105,2319,7.021478606819022,0.9976691832181209
T1900045112_TC20190106,2747,7.221645335719147,0.9979519852488999
T1900045113_TC20190107,2558,7.206318947574836,0.9984279773307706
T1900045114_TC20190108,2355,6.997894366151896,0.9980511479510744
T1900045115_TC20190109,2603,7.115069001697851,0.9977078562142974
T1900045116_TC20190110,2600,6.914638007182282,0.9949671444210935
T1900045117_TC20190111,2398,7.0478426490968165,0.9981986226086433
T1900045118_TC20190112,2444,7.050396409952129,0.9979188625529768
T1900045119_TC20190113,2457,7.056556931979026,0.9981874094624964
T1900045120_TC20190114,2621,7.116614420789129,0.9977264556349924
T1900045121_TC20190115,2418,7.03033998995104,0.9981259206853479
T1900045122_TC20190116,2386,7.029916353959069,0.9981419552196964
T1900045123_TC20190117,2359,6.862670439886808,0.994400894266101
T1900045124_TC20190118,2586,6.9877649465768945,0.9967687565598508
T1900045125_TC20190119,2413,7.041259906022956,0.9981746956427531
T1900045126_TC20190120,2626,7.126324789554374,0.9977709589921228
T1900045127_TC20190121,2673,7.126357767783696,0.9974563757287048
T1900045128_TC20190122,2434,6.885552717106227,0.9952256062101016
T1900045129_TC20190123,2579,7.254259256440276,0.9985225158248497
T1900045130_TC20190124,2476,6.999152860981841,0.9977884272668273
T1900045131_TC20190125,2402,6.8425537891605925,0.9952801410068941
T1900045132_TC20190126,2542,7.0860629670207365,0.9979846741135876
T1900045133_TC20190127,1905,6.895774419781636,0.9979509717707075
T1900045135_TC20190129,2758,7.280211141167337,0.9985083189966771
T1900045136_TC20190130,2643,7.162268479444555,0.9978675163905402
T1900045137_TC20190131,2584,7.0546782825801895,0.9963497336264691
T1900045138_TC20190132,2737,7.267112093872001,0.9984811662206734
T1900045139_TC20190133,2455,6.781444581423812,0.9927420858703568
T1900045140_TC20190134,2548,7.083515342698411,0.9979811242094436
T1900045141_TC20190135,2817,7.399011650550367,0.9988542335411152
T1900045142_TC20190136,2451,7.092453023268935,0.997994480084143
T1900045143_TC20190137,2103,7.029041885251233,0.9982428764558627
T1900045144_TC20190138,2190,6.834409159864005,0.9958598901020203
T1900045145_TC20190139,2393,7.2216704382414045,0.9985019684277072
T1900045146_TC20190140,2634,7.212768555169717,0.9983798367646115
T1900045147_TC20190141,2629,7.066503763568133,0.9959250314156638
T1900045148_TC20190142,2501,7.122909675878802,0.9980968336250512
T1900045149_TC20190143,2555,7.054591288793954,0.997862799937618
T1900045150_TC20190144,2396,6.914991109337851,0.9976227045101556
T1900045151_TC20190145,2437,7.04347094407978,0.998148973144442
T1900045153_TC20190147,2394,6.811175640585385,0.9937030033888241
T1900045154_TC20190148,2387,7.1070645883921975,0.9981240033687704
T1900045155_TC20190149,2222,6.836806287001079,0.9959245741609883
T1900045156_TC20190150,2479,7.025105470385339,0.9978342895841933
T1900045157_TC20190151,2513,7.056836366039443,0.997535400215841
T1900045158_TC20190152,2705,7.1639128020552665,0.9979309468907506
T1900045159_TC20190153,2370,7.011014486349118,0.9979666687302434
T1900045160_TC20190154,2370,6.848478914905868,0.9973492487315105
T1900045161_TC20190155,1852,6.256896661933208,0.9909862982945641
T1900045162_TC20190156,2657,7.228996494805615,0.9982990690151703
T1900045163_TC20190157,2575,7.191130429701081,0.9984068432859996
T1900045164_TC20190158,2569,7.193560772301276,0.9984486727357055
T1900045165_TC20190159,2679,7.1239490421713665,0.9978582563669202
T1900045166_TC20190160,1495,5.9788597155852665,0.9936180263872738
T1900045167_TC20190161,2686,7.36343387182621,0.9988673038162108
T1900045168_TC20190162,2233,6.964874017585546,0.9978693062059869
T1900045170_TC20190164,2236,7.023970382258523,0.9977189911197096
T1900045171_TC20190165,2342,7.108902354968881,0.9982484778608062
T1900045172_TC20190168,2389,6.939554017640113,0.9971063387009664
T1900045173_TC20190169,2642,7.215512669835433,0.998442923351362
T1900045174_TC20190170,2709,7.3426483266379785,0.9988428540087789
T1900045175_TC20190171,2729,7.372178906660902,0.9988859291774806
T1900045176_TC20190172,2654,7.2028051709529946,0.9984156808707962
T1900045178_TC20190174,2633,7.306235810587591,0.9986386004455166
T1900045179_TC20190175,2499,7.115584695485294,0.99815694273117
T1900045180_TC20190176,2030,6.761308960233984,0.9973955812307187
T1900045181_TC20190177,2794,7.20874792306228,0.9983403470007132
T1900045182_TC20190178,2754,7.350495159396619,0.9987963182117284
T1900045183_TC20190179,2604,7.297055844119917,0.9986334948482041
T1900045184_TC20190180,2701,7.25731348989602,0.9985030526664482
T1900045185_TC20190181,2712,7.261510180199198,0.9985851041068876
T1900045186_TC20190182,1942,6.54637286052642,0.9950134604964178
T1900045187_TC20190183,2664,7.249624544693583,0.9985238306215765
T1900045188_TC20190184,2568,7.228103530655028,0.9985150392683083
T1900045189_TC20190185,2236,7.132898646108028,0.9985191819300694
T1900045190_TC20190186,2278,6.869882682829243,0.9954743953022172
T1900045192_TC20190188,1660,6.522574463402725,0.9957154757459397
T1900045193_TC20190189,2465,7.210336668723749,0.9986177645460753
T1900045194_TC20190190,2744,7.261737219728389,0.9985564514851347
T1900045195_TC20190191,2088,6.991518801163027,0.9981265075116791
T1900045198_TC20190194,1512,6.592116164812565,0.9972983885547984
T1900045199_TC20190195,2148,7.056395738102462,0.9983494875124838
T1900045200_TC20190196,2310,7.1427068750166,0.9984546182012651
T1900045201_TC20190197,2397,7.19331019592222,0.9985632484425413
T1900045202_TC20190198,2783,7.324516220071073,0.998538629834933
T1900045203_TC20190199,2356,7.135593188639952,0.9982997696451958
T1900045204_TC20190200,2466,7.005417454911652,0.997286190785711
T1900045206_TC20190202,2483,7.211820372363116,0.9985472823552926
T1900045208_TC20190204,2248,7.093423357544672,0.9983029764199653
T1900045209_TC20190205,2341,7.123403738045244,0.9977982606810697
T1900045211_TC20190207,2522,7.233737056483081,0.998389408641835
T1900045213_TC20190209,2737,7.332701523402419,0.9987083446272925
T1900045214_TC20190210,2693,7.374720972200225,0.9989003281065182
T1900045215_TC20190211,2378,7.026978254369285,0.9979102011204166
T1900045216_TC20190212,2571,7.148902388339186,0.9984034198041674
T1900045217_TC20190213,2244,7.1004728914886135,0.9983899489972983
T1900045218_TC20190214,2140,6.999630551780401,0.997319173999603
T1900045219_TC20190215,2519,7.014990343464885,0.9975402801469624
T1900045220_TC20190216,2580,7.183815221237195,0.9982291672939249
T1900045223_TC20190219,2776,7.3596779058164135,0.9988385754819996
T1900045224_TC20190220,2783,7.371731467465356,0.9987892171676688
T1900045225_TC20190221,2353,7.143916083023804,0.9984173720956862
T1900045226_TC20190222,2540,7.21979390650058,0.9985479902388619
T1900045227_TC20190223,2364,7.005259622336229,0.9972717723378984
T1900045229_TC20190225,2344,7.105927273863313,0.9978710538043598
T1900045773_TC20190227,2623,7.057479008128392,0.9978181047586304
T1900045774_TC20190228,2245,6.668793936017975,0.9953303692457374
T1900045775_TC20190229,2614,7.061988147284127,0.9978251821991658
T1900045776_TC20190230,2514,7.027403798085049,0.9976955293763724
T1900045231_TH20190001,236,3.3882325178025177,0.9191903330590007
T1900045232_TH20190002,1517,6.079697064304459,0.9868857269060091
T1900045235_TH20190005,1697,6.603117082294155,0.9970444205378705
T1900045236_TH20190006,1444,6.354646594687942,0.9965530707037931
T1900045237_TH20190007,1558,6.58105598634924,0.9972856591843403
T1900045238_TH20190008,121,3.212529917954215,0.9282937633118843
T1900045239_TH20190009,1400,6.382411313466622,0.9967084866684589
T1900045240_TH20190010,1705,6.795269240445839,0.9979132036947326
T1900045241_TH20190011,1564,6.635307830014297,0.9974986010448906
T1900045242_TH20190012,1585,6.2536369562775995,0.9910257953091274
T1900045243_TH20190013,1425,6.425496290550172,0.9970271254017776
T1900045244_TH20190014,898,5.217852064439519,0.9815870011487821
T1900045245_TH20190015,1465,6.264550247589312,0.9925235287099752
T1900045246_TH20190016,1524,6.5411556337719885,0.9973110286070853
T1900045247_TH20190017,1695,6.6389033397780715,0.9971715024096495
T1900045248_TH20190018,1732,6.605489611151289,0.9970295995516822
T1900045249_TH20190019,1749,6.6673622151742125,0.9971970726341264
T1900045250_TH20190020,1652,6.654466121616615,0.9976694807062398
T1900045252_TH20190022,1463,6.299290893385515,0.9951691595931791
T1900045253_TH20190023,1501,6.332985133207533,0.9952944421461722
T1900045254_TH20190024,1459,6.3280127113683635,0.9955422719579409
T1900045255_TH20190025,1408,6.293686548199674,0.9952666159912092
T1900045256_TH20190026,1416,6.210293830958948,0.994178218756828
T1900045257_TH20190027,1375,6.235515177088093,0.9949708574092813
T1900045258_TH20190028,1435,6.2451619825217275,0.9948195880292503
T1900045259_TH20190029,1266,6.084878544896368,0.9944393669993529
T1900045260_TH20190030,1227,5.97192406772883,0.9932842037301637
T1900045261_TH20190031,1251,6.068605479706489,0.9942561763557746
T1900045262_TH20190032,1421,6.047993888935723,0.9922068101144247
T1900045263_TH20190033,1014,5.61448353892537,0.9885624155204916
T1900045264_TH20190034,1287,6.101991695082756,0.994370890727831
T1900045265_TH20190035,1414,6.176123480214261,0.9942642746941112
T1900045266_TH20190036,1422,6.150878664565635,0.9925066260915472
T1900045267_TH20190037,1405,5.909979816143317,0.9885611009410706
T1900045268_TH20190038,1239,5.911641255351932,0.9912834551493693
T1900045269_TH20190039,1486,6.290481456166048,0.9949581851906265
T1900045270_TH20190040,1405,6.152496467181819,0.9940655910978775
T1900045271_TH20190041,1417,6.1564211834485025,0.9934622520905412
T1900045272_TH20190042,1426,6.188703075232968,0.9934918159948833
T1900045273_TH20190043,1431,6.311395477272748,0.9954767446600501
T1900045274_TH20190044,1296,6.168779640770341,0.9951891825326707
T1900045275_TH20190045,1533,6.4027650414937956,0.9958853032900916
T1900045276_TH20190046,1496,6.31505058516441,0.9944894932778268
T1900045277_TH20190047,1512,6.362688169183163,0.9951366346784187
T1900045278_TH20190048,1182,5.8564059510400766,0.9913879809351983
T1900045279_TH20190049,1413,6.288984140314078,0.9953921242309186
T1900045280_TH20190050,1370,6.092488436526753,0.9930475375624226
T1900045281_TH20190051,1489,6.389366811459363,0.9956453790786214
T1900045282_TH20190052,1540,6.405354948499748,0.9963588982311116
T1900045283_TH20190053,1523,6.366419158427654,0.9959376329680325
T1900045284_TH20190054,1592,6.505254104279551,0.9969450880853016
T1900045285_TH20190055,1650,6.532195188716249,0.9966144741013147
T1900045286_TH20190056,1641,6.578319861744024,0.9971848815557008
T1900045287_TH20190057,1623,6.477599010802647,0.9965148114428724
T1900045288_TH20190058,1631,6.583653032898758,0.9971916304321344
T1900045289_TH20190059,1640,6.593834175048093,0.997302636692489
T1900045290_TH20190060,1635,6.538246352448068,0.9969630171985224
T1900045291_TH20190061,1577,6.347570845798838,0.9948257230615413
T1900045292_TH20190062,1637,6.5585858023149814,0.9970947139210851
T1900045293_TH20190063,1475,6.4179451669976055,0.9963446025063604
T1900045294_TH20190064,1461,6.276878087009295,0.9948890056476658
T1900045295_TH20190065,1600,6.397025321857307,0.996132278546122
T1900045296_TH20190066,1425,6.284088427112837,0.9950349309809441
T1900045297_TH20190067,1648,6.4844877343067555,0.9965432424375158
T1900045298_TH20190068,1437,6.370952667122906,0.9963502878601346
T1900045299_TH20190069,1455,6.067684828750246,0.9916802784991215
T1900045300_TH20190070,1629,6.522743043970572,0.9964370817253686
T1900045301_TH20190071,1583,6.538676691324672,0.996991032135941
T1900045302_TH20190072,1636,6.559527538824918,0.996813375077045
T1900045303_TH20190073,1688,6.53436062584089,0.9966957097017995
T1900045304_TH20190074,1619,6.452045473127596,0.996392136919382
T1900045305_TH20190075,1469,6.35596617941667,0.9959313401028741
T1900045306_TH20190076,1622,6.499648606972748,0.9965482277345313
T1900045307_TH20190077,1599,6.515014795818471,0.996876889905247
T1900045308_TH20190078,1720,6.5920943916341885,0.9968075931081569
T1900045309_TH20190079,1610,6.540356111374486,0.9972573203964372
T1900045310_TH20190080,1451,6.128787253255264,0.9935967270487553
T1900045311_TH20190081,1455,6.22407912333153,0.9933054098420686
T2001009369_TH82,1294,5.9830338292495044,0.9914980050786254
TP20200825-WDL45_DT2009055600-1,2825,7.102817295026254,0.9979323892269691
TP20200825-WDL19_DT2009055595-1,2851,7.162345669190953,0.9980925101228026
TP20200815-DZC49_DT2009055519-1,2373,6.4522247592444595,0.9943733821162907
TP20200824-WDL78_DT2009055587-1,2858,6.892032229093716,0.995236286528502
TP20200824-WDL74_DT2009055583-1,2875,6.852268761223766,0.99582896848165
TP20200824-WDL70_DT2009055579-1,2734,6.789560763311492,0.9958891729109232
TP20200825-WDL78_DT2009055609-1,3077,7.14340441205588,0.9975843896490018
TP20200814-DZC134_DT2009055462-1,2812,6.790309973852282,0.9962651423114868
TP20200824-WDL75_DT2009055584-1,2826,6.895363541799102,0.9954700695325785
TP20200815-DZC68_DT2009055538-1,2312,6.3820516077163445,0.9914564512716004
TP20200823-QMN43_DT2009055556-1,2694,6.95132247116605,0.9973995228738535
TP20200814-DZC110_DT2009055438-1,2151,6.676971211215603,0.9966877702259636
TP20200824-WDL12_DT2009055564-1,1868,6.115243473433325,0.9917829716666283
TP20200815-DZC20_DT2009055490-1,2458,6.468877916625473,0.9901901649708581
TP20200824-WDL54_DT2009055572-1,2988,7.225719542690263,0.9982565052817374
TP20200825-WDL68_DT2009055607-1,2744,6.790737324221765,0.9960203104187392
TP20200825-WDL101_DT2009055615-1,3195,7.265916634878802,0.9982499020312243
TP20200825-WDL7_DT2009055593-1,2331,6.51884159441003,0.9956769663517524
TP20200815-DZC71_DT2009055541-1,2405,6.502725779965475,0.9952508049442905
TP20200825-WDL82_DT2009055611-1,2797,6.811845747981753,0.9961879228089242
TP20200815-DZC73_DT2009055543-1,1672,6.001445990903349,0.9928925123173661
TP20200815-DZC57_DT2009055527-1,1774,6.065311423629002,0.9931811745506297
TP20200824-WDL72_DT2009055581-1,2765,6.852446480353869,0.9948910940951791
TP20200824-WDL18_DT2009055565-1,2485,6.864691053899335,0.9962508401405468
TP20200814-DZC117_DT2009055445-1,2680,6.831321284428617,0.9967660894895226
TP20200815-DZC48_DT2009055518-1,2231,6.283986901832941,0.9936489312059399
TP20200824-WDL65_DT2009055576-1,2464,6.993928763803545,0.9977862594191237
TP20200814-DZC109_DT2009055437-1,2698,6.8350631109993305,0.9966224142592227
TP20200814-DZC114_DT2009055442-1,584,4.157028069470015,0.9416196745428702
TP20200824-WDL49_DT2009055571-1,3007,7.074335358319881,0.9975041366249158
TP20200814-DZC142_DT2009055470-1,2479,6.865909713856985,0.9973482983742521
TP20200815-DZC30_DT2009055500-1,2464,6.414720501081306,0.9882532269261488
TP20200824-WDL1_DT2009055561-1,2966,7.08817177353466,0.9972698609068734
TP20200825-WDL31_DT2009055597-1,2136,6.344156888688721,0.9946537308177322
TP20200825-WDL1_DT2009055592-1,3001,7.186880998828098,0.9980310569574371
TP20200825-WDL51_DT2009055604-1,3152,7.177858360198681,0.9979143516200876
TP20200815-DZC50_DT2009055520-1,1979,5.965799147771925,0.9875004516543273
TP20200815-DZC13_DT2009055483-1,2463,6.469885512890899,0.9903386989010196
TP20200815-DZC38_DT2009055508-1,1716,5.657216327048938,0.9843957810326237
TP20200825-WDL50_DT2009055603-1,2689,7.018842627274066,0.9977093797655694
TP20200824-WDL69_DT2009055578-1,2833,7.09713334895388,0.9981470384443948
TP20200815-DZC28_DT2009055498-1,2477,6.781162910555224,0.9966604308467368
TP20200824-WDL28_DT2009055566-1,2872,7.019836879690047,0.9970926264143337
TP20200825-WDL96_DT2009055614-1,3121,7.115934322056737,0.9970595992485085
TP20200815-DZC22_DT2009055492-1,2320,6.477612828422842,0.9946383628032587
TP20200815-DZC17_DT2009055487-1,970,4.892436825359475,0.9762735779958871
TP20200825-WDL87_DT2009055612-1,3024,7.101944893230896,0.9976906668704801
TP20200815-DZC70_DT2009055540-1,2184,6.254762515913195,0.993149730342111
TP20200825-WDL13_DT2009055594-1,3042,7.132901846609968,0.9975592037528108
TP20200815-DZC19_DT2009055489-1,1603,5.907570191262873,0.9916780311961637
TP20200824-WDL34_DT2009055567-1,1803,6.310518720371468,0.9927431458693942
TP20200814-DZC115_DT2009055443-1,2522,6.219049884127716,0.9833690835291491
TP20200825-WDL48_DT2009055601-1,2787,6.871431434004835,0.9956878880358165
TP20200815-DZC15_DT2009055485-1,2316,6.5031070757797815,0.9953330790374074
TP20200824-WDL73_DT2009055582-1,3148,7.172751506678198,0.9978757927080114
TP20200825-WDL49_DT2009055602-1,2970,7.099364212454287,0.9973431200853882
TP20200815-DZC9_DT2009055479-1,1852,6.219046977511951,0.9948303924049964
TP20200815-DZC58_DT2009055528-1,2038,6.393574105631669,0.9946252632833363
TP20200824-WDL9_DT2009055563-1,2959,7.081611008205791,0.9975657952883806
TP20200815-DZC66_DT2009055536-1,1764,5.995598922037448,0.992335654283662
TP20200825-WDL119_DT2009055619-1,3176,7.190072270771786,0.9962876245525583
TP20200823-QMN23_DT2009055554-1,1795,6.222606565843345,0.9944301917304584
TP20200815-DZC36_DT2009055506-1,2469,6.50032498649669,0.9905925256800662
TP20200815-DZC35_DT2009055505-1,1682,6.032057648418518,0.9930497580223786
TP20200815-DZC12_DT2009055482-1,1865,6.210557749341403,0.9946784383431414
TP20200815-DZC5_DT2009055475-1,1841,6.101696325603818,0.9914846201722847
TP20200815-DZC62_DT2009055532-1,2210,6.397092895052041,0.9933367925155752
TP20200824-WDL71_DT2009055580-1,2772,6.792319099665762,0.9962455948213458
TP20200815-DZC45_DT2009055515-1,1963,6.079593811738291,0.9905678652053658
TP20200825-WDL41_DT2009055599-1,2932,7.112937295342769,0.9978303455518346
TP20200814-DZC106_DT2009055434-1,2678,6.840640168839816,0.9967771587143142
TP20200815-DZC43_DT2009055513-1,2219,6.434910946187482,0.9955607243887128
TP20200824-WDL39_DT2009055568-1,2874,7.103062202537807,0.9976970089613773
TP20200824-WDL63_DT2009055575-1,2481,6.468451484610584,0.9863133791921024
TP20200815-DZC44_DT2009055514-1,1676,5.821271448866909,0.9880523722779171
TP20200815-DZC42_DT2009055512-1,2454,6.441859091848145,0.9891880015038672
TP20200815-DZC78_DT2009055548-1,1321,5.035491145137454,0.9567446736822309
TP20200824-WDL67_DT2009055577-1,2840,7.1340316753054855,0.9981060692141972
TP20200815-DZC24_DT2009055494-1,2459,6.434241927593715,0.9895516943289225
TP20200815-DZC75_DT2009055545-1,2339,6.671546694940121,0.9972161070970026
TP20200815-DZC33_DT2009055503-1,1713,5.98067894520724,0.9924868392096668
TP20200825-WDL92_DT2009055613-1,2887,6.976740861324517,0.9967445670582823
TP20200823-QMN50_DT2009055557-1,2719,7.000201952332174,0.9979910975634217
TP20200823-QMN30_DT2009055555-1,1699,6.26820523244896,0.9950604899944118
TP20200823-QMN4_DT2009055551-1,579,5.101659563355843,0.986076099146646
TP20200815-DZC61_DT2009055531-1,2261,6.348920117929917,0.9933901175623865
TP20200814-DZC10_DT2009055435-1,2766,6.822686412774688,0.996632239891297
TP20200815-DZC46_DT2009055516-1,1824,5.977423715337852,0.9917679010269738
TP20200825-WDL57_DT2009055605-1,3122,7.171338663287058,0.9978633827685964
TP20200815-DZC77_DT2009055547-1,2362,6.563804523110141,0.9955326193662343
TP20200824-WDL76_DT2009055585-1,3005,7.025404090209103,0.9972840591295447
TP20200815-DZC59_DT2009055529-1,2192,6.448598537211163,0.995699607207342
TP20200815-DZC51_DT2009055521-1,2069,6.4877427282241245,0.9957309813611896
TP20200823-QMN58_DT2009055558-1,2657,6.830391228815131,0.9968150211028329
TP20200815-DZC60_DT2009055530-1,2028,6.098471351463185,0.990918195013362
TP20200815-DZC67_DT2009055537-1,1956,6.158293153161291,0.9923604773473313
TP20200825-WDL112_DT2009055618-1,2790,7.01120574317831,0.9973739182277936
TP20200815-DZC76_DT2009055546-1,1943,6.1695340909741,0.9922214605946864
TP20200815-DZC31_DT2009055501-1,2176,6.4450945785402975,0.995717284298935
TP20200825-WDL81_DT2009055610-1,2703,6.751738371286348,0.9957907866973742
TP20200825-WDL64_DT2009055606-1,3081,7.146013852990334,0.9970474373985181
TP20200814-DZC132_DT2009055460-1,2615,6.928700499684912,0.9975930144968914
TP20200824-WDL80_DT2009055589-1,2890,7.103515286956312,0.9981116157821611
TP20200823-QMN73_DT2009055560-1,1793,6.242257498200191,0.9943663290313797
TP20200824-WDL77_DT2009055586-1,2921,6.879609344671172,0.9961107608250651
TP20200814-DZC127_DT2009055455-1,2507,6.815291039884961,0.9968429554435363
TP20200824-WDL5_DT2009055562-1,2988,7.038990182926931,0.9972899749219375
TP20200825-WDL25_DT2009055596-1,3027,7.182912090147129,0.9981403467079104
TP20200825-WDL73_DT2009055608-1,2773,7.034144072942605,0.9977777185990349
TP20200825-WDL108_DT2009055617-1,2866,7.104990619505067,0.9976303528004274
TP20200815-DZC11_DT2009055481-1,2029,6.227866832992063,0.9935285787851106
TP20200824-WDL82_DT2009055591-1,2797,6.886185030046373,0.997109976185572
TP20200825-WDL105_DT2009055616-1,2916,7.169274954508347,0.998187121742971
TP20200815-DZC26_DT2009055496-1,1662,5.97377993115177,0.992447212007837
TP20200824-WDL79_DT2009055588-1,2807,6.888625225811284,0.9971083839649915
TP20200823-QMN1_DT2009055550-1,3185,7.28768010928822,0.9979599171986181
TP20200815-DZC41_DT2009055511-1,2114,6.570926281262363,0.9965045630355601
TP20200815-DZC74_DT2009055544-1,2330,6.648537336176506,0.9971265943714167
TP20200815-DZC69_DT2009055539-1,1929,6.348933330655406,0.9923181436058455
TP20200814-DZC121_DT2009055449-1,2457,6.57829159173659,0.9926288114341142
TP20200815-DZC3_DT2009055473-1,986,4.996078014312039,0.9802860232426204
TP20200815-DZC8_DT2009055478-1,2449,6.4251879201375734,0.9922088069228079
TP20200824-WDL41_DT2009055569-1,2827,6.984412080938741,0.9975008932358871
TP20200815-DZC23_DT2009055493-1,2167,6.568465909304717,0.9962729022246957
TP20200825-WDL35_DT2009055598-1,2977,7.181890530273102,0.9982424352595106
TP20200814-DZC105_DT2009055433-1,2341,6.861168255690814,0.9977423855107699
TP20200815-DZC53_DT2009055523-1,1736,6.050724227899676,0.9929795963098875
TP20200824-WDL81_DT2009055590-1,3243,7.199974876788575,0.9970655378065991
TP20200823-QMN67_DT2009055559-1,1591,6.141990216294317,0.9947017692409647
TP20200815-DZC47_DT2009055517-1,2340,6.474654410128694,0.994960236404222
TP20200812-DBC1_DT2009055224-1,2788,6.9841797373387955,0.9974416507641115
TP20200812-DBC2_DT2009055225-1,2961,7.079676535996948,0.9977935317662227
TP20200812-DBC3_DT2009055226-1,2987,7.158783780214178,0.9980716700957689
TP20200812-DBC4_DT2009055227-1,2675,6.755282607164812,0.9960939128144762
TP20200812-DBC5_DT2009055228-1,2575,6.8270742783770135,0.9972098201327133
TP20200812-DBC6_DT2009055229-1,2763,6.970388954462346,0.9972164142528209
TP20200812-DBC7_DT2009055230-1,2738,6.933845690593024,0.9973631779446502
TP20200812-DBC8_DT2009055231-1,2838,6.881381100669586,0.9964709519330206
TP20200812-DBC17_DT2009055240-1,2784,6.942080730299697,0.9975379053147447
TP20200812-DBC18_DT2009055241-1,2600,6.8592095268213376,0.996895479828075
TP20200812-DBC19_DT2009055242-1,2745,6.86377897870044,0.996914576999914
TP20200812-DBC20_DT2009055243-1,2931,7.0613202140014515,0.9977759595902118
TP20200812-DBC21_DT2009055244-1,2784,6.913733275627313,0.9966206160938855
TP20200812-DBC22_DT2009055245-1,2612,6.827136784992439,0.9956229945418201
TP20200812-DBC23_DT2009055246-1,2916,7.099709056928528,0.9978983266922318
TP20200812-DBC24_DT2009055247-1,2513,6.825305711463201,0.9972070737608627
TP20200812-DBC25_DT2009055248-1,2742,6.950861908589779,0.9975873880414603
TP20200812-DBC26_DT2009055249-1,2859,6.987120325564849,0.9974761727123864
TP20200812-DBC27_DT2009055250-1,2925,7.039847398107998,0.9977577498961346
TP20200812-DBC28_DT2009055251-1,2936,6.992986033366898,0.996966952738747
TP20200812-DBC29_DT2009055252-1,2955,7.130601060132709,0.9980088271324735
TP20200812-DBC30_DT2009055253-1,2729,6.662576936296321,0.99119143265155
TP20200812-DBC31_DT2009055254-1,2389,6.7806743184266045,0.9969881895575567
TP20200812-DBC32_DT2009055255-1,2493,6.752060715416952,0.9968351728796322
TP20200812-DBC33_DT2009055256-1,2660,6.8088315621189635,0.9969188347337834
TP20200812-DBC34_DT2009055257-1,2627,6.884782147222032,0.9973431299655415
TP20200812-DBC35_DT2009055258-1,2548,6.809786440409001,0.9971440215948826
TP20200812-DBC36_DT2009055259-1,2713,6.860206748983597,0.9966554970705371
TP20200812-DBC37_DT2009055260-1,2785,7.062947002176185,0.9979731117135431
TP20200812-DBC38_DT2009055261-1,2653,6.9355590739012145,0.9975236064681573
TP20200812-DBC39_DT2009055262-1,2909,7.0473330152692055,0.9975139731613417
TP20200812-DBC40_DT2009055263-1,2802,7.077822938945199,0.997888033396662
TP20200812-DBC41_DT2009055264-1,2648,6.91974623211275,0.9976671816462187
TP20200812-DBC42_DT2009055265-1,2486,6.7630261180630775,0.9967793242691447
TP20200812-DBC43_DT2009055266-1,2904,7.112009015181409,0.9979499341440734
TP20200812-DBC44_DT2009055267-1,2404,6.704822031475549,0.9970793854686862
TP20200812-DBC45_DT2009055268-1,2715,6.8871307853035715,0.9971191421197225
TP20200812-DBC46_DT2009055269-1,2813,7.002667426533656,0.9975209615499754
TP20200812-DBC47_DT2009055270-1,2584,6.816441989056896,0.9968902250973629
TP20200812-DBC48_DT2009055271-1,2271,6.530060759320718,0.9965459526787918
TP20200812-DBC49_DT2009055272-1,2636,6.882790613769409,0.9971989425926867
TP20200812-DBC50_DT2009055273-1,2512,6.709171717056071,0.9960897132576053
TP20200812-DBC51_DT2009055274-1,2799,6.97435671877128,0.9974484399312017
TP20200812-DBC52_DT2009055275-1,2932,7.137748193967836,0.9979545498404149
TP20200812-DBC53_DT2009055276-1,2551,6.690918920222478,0.9965464072307945
TP20200812-DBC55_DT2009055278-1,2756,6.771728197132089,0.9963085206043569
TP20200812-DBC57_DT2009055280-1,2467,6.738636395681122,0.9963700122482979
TP20200812-DBC58_DT2009055281-1,2718,6.752646404013887,0.9959603526549237
TP20200812-DBC59_DT2009055282-1,2501,6.8259417837376954,0.9972905186624927
TP20200812-DBC60_DT2009055283-1,2474,6.580493869504389,0.9949310361474516
TP20200812-DBC62_DT2009055285-1,2802,7.027263086230309,0.9979285720600805
TP20200812-DBC63_DT2009055286-1,2799,6.983134732715357,0.9972225930798135
TP20200812-DBC64_DT2009055287-1,2628,6.892607779861231,0.9975460851231572
TP20200812-DBC65_DT2009055288-1,2429,6.582824180313523,0.9947818154260503
TP20200812-DBC66_DT2009055289-1,2691,6.9228270576113395,0.997105485630967
TP20200812-DBC68_DT2009055291-1,2514,6.84314161608117,0.9973864864194608
TP20200812-DBC70_DT2009055293-1,2683,6.684267537589175,0.9948157103619765
TP20200812-DBC71_DT2009055294-1,2727,6.89660840136735,0.9971388677323633
TP20200812-DBC72_DT2009055295-1,2517,6.680133513679989,0.9964523878257961
TP20200812-DBC73_DT2009055296-1,2389,6.471137954615921,0.9947501748144887
TP20200812-DBC74_DT2009055297-1,2873,7.099138289353279,0.9978802041682147
TP20200812-DBC75_DT2009055298-1,2239,6.527053088986236,0.9965440866295799
TP20200812-DBC77_DT2009055300-1,2754,6.971696400575462,0.9972808127190305
TP20200812-DBC85_DT2009055308-1,2786,6.900374926563269,0.9967778198756843
TP20200812-DBC88_DT2009055311-1,2876,7.0900697495587375,0.9979007256449037
TP20200812-DBC92_DT2009055315-1,2789,6.8531938925713725,0.9966539545045934
TP20200812-DBC93_DT2009055316-1,2978,7.130113173641728,0.9977898601611715
TP20200812-DBC95_DT2009055318-1,2642,6.89032728940752,0.9974675913916865
TP20200812-DBC100_DT2009055323-1,2822,6.942371620589542,0.9972990276431324
TP20200812-DBC101_DT2009055324-1,2618,6.773847372778128,0.9968575338657704
TP20200812-DBC102_DT2009055325-1,2602,6.804486113835157,0.9966919327132174
TP20200812-DBC103_DT2009055326-1,2761,6.924927525172116,0.9972456087377913
TP20200812-DBC105_DT2009055328-1,2430,6.727307994620528,0.9962861745108736
TP20200814-DZC3_DT2009055331-1,2674,6.802576031801493,0.9968297693332296
TP20200814-DZC5_DT2009055333-1,2859,6.773332690788922,0.995795325636716
TP20200814-DZC17_DT2009055345-1,2739,6.7668002614987985,0.9969598036920694
TP20200814-DZC20_DT2009055348-1,2749,6.773156317371225,0.996145781039626
TP20200814-DZC24_DT2009055352-1,2763,7.057941815241004,0.9979255077367657
TP20200814-DZC27_DT2009055355-1,2538,6.735142798298771,0.9967110132307887
TP20200814-DZC28_DT2009055356-1,2482,6.757900036563289,0.996204303168788
TP20200814-DZC31_DT2009055359-1,2752,6.891566162589853,0.9967932052270622
TP20200814-DZC34_DT2009055362-1,2699,6.891008874537502,0.9973872395379996
TP20200814-DZC37_DT2009055365-1,2811,6.859081272270027,0.9967318228468118
TP20200814-DZC38_DT2009055366-1,2407,6.73755777638106,0.9965869909365187
TP20200814-DZC39_DT2009055367-1,2187,6.691026577643101,0.9969328583887893
TP20200814-DZC40_DT2009055368-1,2736,6.798941991364569,0.9949045312034176
TP20200814-DZC41_DT2009055369-1,2167,6.683903124664916,0.9968682128268636
TP20200814-DZC42_DT2009055370-1,2285,6.6817554040443765,0.9964526913955517
TP20200814-DZC43_DT2009055371-1,2121,6.627862978039065,0.9969007465902275
TP20200814-DZC44_DT2009055372-1,2660,6.9101194978100855,0.9972610221043475
TP20200814-DZC46_DT2009055374-1,1996,6.508989341678858,0.9957991910452855
TP20200814-DZC49_DT2009055377-1,2077,6.7310109827205,0.997051755672344
TP20200814-DZC50_DT2009055378-1,2717,6.891030825827931,0.9971532761737718
TP20200814-DZC51_DT2009055379-1,2481,6.9142558793897555,0.9975498491059672
TP20200814-DZC53_DT2009055381-1,2527,6.985179266178984,0.997816137875313
TP20200814-DZC54_DT2009055382-1,2587,6.97917509948939,0.9980238622131835
TP20200814-DZC56_DT2009055384-1,2669,6.794962922127458,0.9961843660094123
TP20200814-DZC58_DT2009055386-1,2288,6.7737192373945785,0.997114862079099
TP20200814-DZC59_DT2009055387-1,2687,6.859855446728928,0.9972436388944719
TP20200814-DZC60_DT2009055388-1,2462,6.818411752667387,0.9973045939660555
TP20200814-DZC62_DT2009055390-1,2701,6.915181417875715,0.9967056401748656
TP20200814-DZC63_DT2009055391-1,2141,6.673970695937544,0.9969531778474737
TP20200814-DZC64_DT2009055392-1,2630,6.84100126373081,0.9965423633691726
TP20200814-DZC65_DT2009055393-1,1139,5.124314755145283,0.9799090859834663
TP20200814-DZC66_DT2009055394-1,2197,6.535591238760825,0.9959820010497771
TP20200814-DZC68_DT2009055396-1,2359,6.76990051593758,0.9966109286188959
TP20200814-DZC70_DT2009055398-1,2329,6.898722212197992,0.997694427782522
TP20200814-DZC72_DT2009055400-1,2451,6.883540810826442,0.9974735563963653
TP20200814-DZC73_DT2009055401-1,2524,6.706377972002893,0.9929135862798852
TP20200814-DZC74_DT2009055402-1,2602,7.025997887842296,0.9978570940160251
TP20200814-DZC75_DT2009055403-1,2675,6.765409213653706,0.9945753317948921
TP20200814-DZC76_DT2009055404-1,2774,6.928227817753688,0.997524046135763
TP20200814-DZC79_DT2009055407-1,2079,6.3347643585180204,0.9945059360959927
TP20200814-DZC80_DT2009055408-1,2610,6.567759261023483,0.9944005314853328
TP20200814-DZC84_DT2009055412-1,2286,6.566955497221046,0.9937852930002437
TP20200814-DZC85_DT2009055413-1,2690,6.724774659543027,0.9951563437122304
TP20200814-DZC88_DT2009055416-1,2297,6.573626358434203,0.9958720989999009
TP20200814-DZC92_DT2009055420-1,2272,6.646579070261402,0.9967046424983628
TP20200814-DZC93_DT2009055421-1,2146,6.733420630444776,0.9972549438182393
TP20200814-DZC94_DT2009055422-1,2320,6.513571972610421,0.9954961575264346
TP20200814-DZC95_DT2009055423-1,1694,5.978158016961046,0.9921070992328669
TP20200814-DZC96_DT2009055424-1,2778,7.061938617556588,0.9979350516670156
TP20200814-DZC97_DT2009055425-1,2139,5.993531233089829,0.9797129552925281
TP20200814-DZC100_DT2009055428-1,2579,6.896888473649665,0.9971921359338725
TP20200814-DZC103_DT2009055431-1,2490,6.82709460539024,0.9970566711545265
T1900044535_TS20190001,2661,6.889728276771584,0.9968715119501397
T1900044536_TS20190002,2855,7.144111903341838,0.9982992839049063
T1900044537_TS20190003,2592,6.746270450960417,0.9962496382754148
T1900044538_TS20190004,2718,6.996270488751999,0.9976511386686162
T1900044539_TS20190005,2901,7.091205372050653,0.9974379309756045
T1900044540_TS20190006,2784,6.952078778445962,0.9966285793803865
T1900044541_TS20190007,2584,6.819721988950787,0.9963076802955633
T1900044542_TS20190008,2642,6.79036380985001,0.9967315992988506
T1900044543_TS20190009,2780,7.019597735888727,0.9975161580627838
T1900044544_TS20190010,2848,7.044565715062148,0.9974320484426651
T1900044545_TS20190011,2834,6.988741671828716,0.9970803648687664
T1900044546_TS20190012,2750,6.879071229971162,0.9962210908162735
T1900044547_TS20190013,2726,6.861739506302118,0.9961332483754556
T1900044548_TS20190014,2739,6.988847968202529,0.9970891513235879
T1900044549_TS20190015,2804,7.04284320490867,0.9977789242875563
T1900044550_TS20190016,2729,6.986902045236691,0.997601721242292
T1900044551_TS20190017,2563,6.800787433700316,0.996477258860896
T1900044552_TS20190018,2588,6.8658439084214145,0.997174047954101
T1900044553_TS20190019,2822,6.954910015068903,0.9969033564917248
T1900044554_TS20190020,2640,6.863461569592258,0.9965562317959611
T1900044555_TS20190021,2758,7.0577004403931936,0.9977246662353393
T1900044556_TS20190022,3024,7.303832431699717,0.9985651863946019
T1900044557_TS20190023,2713,6.942505655124493,0.9974286566880758
T1900044558_TS20190024,2863,7.042627937325051,0.9977314438481741
T1900044559_TS20190025,2957,7.16071309552489,0.9982783167171355
T1900044560_TS20190026,2892,7.091350230686588,0.997942547920599
T1900044561_TS20190027,2856,7.068183024415015,0.9976350842729789
T1900044562_TS20190028,2973,7.129615391568875,0.9979039291643351
T1900044563_TS20190029,2857,7.06920838008572,0.9971267060220589
T1900044564_TS20190030,2668,6.8852282012056145,0.9971584250998906
T1900044565_TS20190031,2831,7.084754286228995,0.9971399395806637
T1900044566_TS20190032,2825,7.035409966002132,0.9974432735203999
T1900044567_TS20190033,2644,6.914308749801569,0.9971440196208429
T1900044568_TS20190034,2886,7.063396242459845,0.99766680448907
T1900044569_TS20190035,2711,6.861716942809951,0.996349169953261
T1900044570_TS20190036,2773,7.082613437121414,0.9978741692360422
T1900044571_TS20190037,2897,7.060109911532342,0.9971648524739678
T1900044572_TS20190038,2859,7.053699890759622,0.9975700815039976
T1900044573_TS20190039,2796,6.955811615806801,0.9972118869879047
T1900044574_TS20190040,2569,6.687279831661699,0.9964164967208461
T1900044575_TS20190041,2947,6.940827415457582,0.9966609979195635
T1900044576_TS20190042,2927,7.0897085060817995,0.9980419396199285
T1900044577_TS20190043,3046,7.109492196402037,0.9980039255627762
T1900044578_TS20190044,2948,7.072754636018028,0.9973415390983524
T1900044579_TS20190045,2551,6.8682962425184755,0.9974983687886164
T1900044580_TS20190046,3231,7.250002164247507,0.9982480977755082
T1900044581_TS20190047,3084,7.154092847367333,0.9978448983234316
T1900044582_TS20190048,2959,7.064834605402537,0.9976805764111714
T1900044583_TS20190049,3090,7.1527763481228925,0.9979176728963073
T1900044584_TS20190050,2777,6.947296721053632,0.9972155563763426
T1900044585_TS20190051,2984,7.0793358916917235,0.9978941033947084
T1900044586_TS20190052,2751,6.82884832637232,0.9965960402116947
T1900044587_TS20190053,2875,7.089495563641322,0.9980969355272965
T1900044588_TS20190054,2931,6.916293312422159,0.9961730221491442
T1900044589_TS20190055,2937,7.043837542872935,0.9976273148989355
T1900044590_TS20190056,2929,7.054304909429618,0.9976862047441212
T1900044591_TS20190057,2830,6.908458815854085,0.9970228357145124
T1900044592_TS20190058,2925,7.11137544229808,0.9981410328150863
T1900044593_TS20190059,2991,7.026233649915046,0.9973304662238237
T1900044594_TS20190060,3042,6.988745700298473,0.9968876642730734
T1900044595_TS20190061,2768,6.824648358951043,0.9968173149523255
T1900044596_TS20190062,2948,7.107630994847646,0.9980861066561502
T1900044597_TS20190063,2968,6.983611657059584,0.9965842273608605
T1900044598_TS20190064,3066,7.126777797466171,0.9979924820537629
T1900044599_TS20190065,3030,7.119900951294903,0.9979256475542384
T1900044600_TS20190066,3040,7.046812107404019,0.9974926338942951
T1900044601_TS20190067,3044,7.048305646958741,0.9973659357733049
T1900044602_TS20190068,3197,7.16533730860704,0.9977945081572134
T1900044604_TS20190070,3005,6.970736942353532,0.9971414226132876
T1900044605_TS20190071,2827,6.852165687825959,0.9966777369881776
T1900044606_TS20190072,2940,6.9772738916804915,0.9971180255010381
T1900044607_TS20190073,2962,7.11208660016185,0.9980029472314556
T1900044608_TS20190074,3102,7.235560903221456,0.9984429313696161
T1900044609_TS20190075,2652,6.730296728302558,0.9962824159287943
T1900044610_TS20190076,3149,7.224189089065301,0.9982081926923762
T1900044611_TS20190077,2615,6.750522151855489,0.9964870148533275
T1900044612_TS20190078,2976,7.07461941133468,0.9979228275194434
T1900044614_TS20190080,2898,7.033955655013563,0.9976741390604363
T1900044615_TS20190081,2062,6.546812934233935,0.9960881551459669
T1900044616_TS20190082,1616,6.155151356233834,0.9944017661954532
T1900044620_TS20190086,2346,6.391635755427115,0.9869673787333684
T1900044621_TS20190087,2098,6.205845629170734,0.991594120443354
T1900044622_TS20190088,2082,6.404371147248804,0.9939150040093643
T1900044623_TS20190089,2327,6.540186825380603,0.9930082354899943
T1900044625_TS20190091,1733,6.2669443042473025,0.9949650685641054
T1900044627_TS20190093,2106,6.262491045438957,0.9928233988598791
T1900044629_TS20190095,2388,6.637513438484822,0.995761382019766
T1900044630_TS20190096,2445,6.431483023952219,0.9882970988944473
T1900044631_TS20190097,1754,6.3368209388826315,0.9946415054188565
T1900044632_TS20190098,2349,6.533447723563322,0.9924062077356813
T1900044633_TS20190099,1665,5.897158307819043,0.990748151631042
T1900044634_TS20190100,2304,6.466216941792702,0.9946563698622444
T1900044635_TS20190101,2271,6.574145572417046,0.9948965640915305
T1900044636_TS20190102,1850,6.2556197403155185,0.9937330126357709
T1900044637_TS20190103,2079,6.538995658131317,0.9960532536353798
T1900044638_TS20190104,2186,6.486054673409439,0.9946934916655017
T1900044639_TS20190105,1657,6.2020886968385405,0.9946556385431533
T1900044640_TS20190106,1413,5.9111277838942256,0.9916617881687474
T1900044641_TS20190107,2146,6.144918405070786,0.9894317911752594
T1900044642_TS20190108,2124,6.615342347118293,0.9968180670708948
T1900044643_TS20190109,2238,6.537500786864853,0.9950500591330507
T1900044644_TS20190110,2137,6.641409587661766,0.9965750225674291
T1900044645_TS20190111,2323,6.560298175711762,0.9951458913782155
T1900044646_TS20190112,1905,6.374192519140646,0.9956535219556372
T1900044647_TS20190113,1928,6.582139684806312,0.9954753887038007
T1900044648_TS20190114,2242,6.650420139966931,0.9959209076389074
T1900044649_TS20190115,2362,6.609618879648735,0.9953857378953679
T1900044650_TS20190116,2217,6.672677732387242,0.9964166723346278
T1900044651_TS20190117,1409,5.987084756606922,0.9923865720536462
T1900044652_TS20190118,2314,6.667243065879294,0.9968795113217684
T1900044653_TS20190119,2202,6.460684811276952,0.9944626159990424
T1900044654_TS20190120,2465,6.669880423847772,0.9943433322766749
T1900044655_TS20190121,3334,7.2591364048734315,0.9980138698369667
T1900044657_TS20190123,3210,7.147003679429724,0.9975553342233412
T1900044659_TS20190125,2869,6.928803630647428,0.9968050263571291
T1900044660_TS20190126,2770,6.953148452069417,0.9973063573316948
T1900044661_TS20190127,3176,7.2028861873500984,0.9981049817822579
T1900044663_TS20190129,3362,7.404204269291182,0.9986645774227861
T1900044664_TS20190130,3355,7.379595029885769,0.9986088048792464
T1900044665_TS20190131,3419,7.304755816080902,0.9980942227376585
T1900044666_TS20190132,3144,7.1862883091568754,0.9980024377385404
T1900044669_TS20190135,3249,7.097119007079603,0.9966851366723416
T1900044670_TS20190136,3287,7.258279177128056,0.9982234697078638
T1900044671_TS20190137,3268,7.24741494698964,0.9981959690145373
T1900044672_TS20190138,3170,7.0263180417408275,0.9961329651759151
T1900044673_TS20190139,2836,7.017430875295883,0.9976899312873341
T1900044674_TS20190140,2802,6.856571698053507,0.9963021485129255
T1900044676_TS20190142,3199,7.16900836716446,0.9978175853018836
T1900044677_TS20190143,3292,7.273765401944095,0.9981940398269968
T1900044678_TS20190144,3292,7.294053172069752,0.9983397611518722
T1900044679_TS20190145,3337,7.294383726218785,0.9981700808723033
T1900044680_TS20190146,3151,7.144999575384226,0.9974961861731158
T1900044681_TS20190147,3234,7.091394133816399,0.9967200265355975
T1900044682_TS20190148,2901,6.948907227491818,0.9969152086574754
T1900044683_TS20190149,2824,6.977375569347513,0.9976098872110376
T1900044684_TS20190150,2985,7.172489342604527,0.9978173432497205
T1900044685_TS20190151,3146,7.182872493574738,0.9976063158848876
T1900044686_TS20190152,1412,5.194259228769401,0.9730137565236695
T1900044687_TS20190153,2987,7.043907355353361,0.99680075243412
T1900044688_TS20190154,1294,5.09152452618642,0.9721280100491839
T1900044689_TS20190155,2874,7.086353448936785,0.9979538340586392
T1900044690_TS20190156,3059,7.1129212303623355,0.9978446864665447
T1900044691_TS20190157,2956,7.075624383955704,0.9973506865661445
T1900044692_TS20190158,1831,5.949625046426243,0.9852419333986205
T1900044693_TS20190159,3187,7.192182419187365,0.9977672066499649
T1900044694_TS20190160,903,5.11526234247752,0.9795340514855665
T1900044695_TS20190161,3051,7.139814047119779,0.9979758488035911
T1900044696_TS20190162,2937,7.037264212977528,0.9974497995839979
T1900044697_TS20190163,1919,6.313499219258242,0.9909335354174913
T1900044698_TS20190164,2865,7.053072784957503,0.9972168705464339
T1900044699_TS20190165,2986,6.990999833738708,0.9967320386661529
T1900044700_TS20190166,3291,7.237302077643458,0.9978425955103569
T1900044701_TS20190167,2039,6.231530357297795,0.9872764834891661
T1900044702_TS20190168,3095,7.109469308010663,0.9974626207000372
T1900044703_TS20190169,1657,5.605055349480737,0.9783204319518428
T1900044705_TS20190171,3198,7.170332942191221,0.9977520161736161
T1900044706_TS20190172,3194,7.142134866942092,0.9973651424244918
T1900044708_TS20190174,2828,6.949018895721871,0.9976748001640933
T1900044709_TS20190175,2980,7.070310158724137,0.9976979009361029
T1900044711_TS20190177,2995,6.990313050689111,0.9974127352077292
T1900044713_TS20190179,2675,6.8503838434453765,0.9953704950716226
T1900044714_TS20190180,2806,6.827543006127871,0.9969818840049259
T1900044715_TS20190181,2925,7.028872004708211,0.9974437455215496
T1900044716_TS20190182,3054,7.219964249340848,0.9982958717943223
T1900044717_TS20190183,2761,6.910269758896665,0.9973229518362281
T1900044718_TS20190184,3214,7.241460469067578,0.9980535423995507
T1900044719_TS20190185,2880,7.026979793671341,0.9975374194581531
T1900044720_TS20190186,2931,7.0221030239431705,0.9975956717458387
T1900044722_TS20190188,2774,6.923099888484041,0.9973935386351471
T1900044723_TS20190189,2938,7.024255133858174,0.9976361693456337
T1900044724_TS20190190,3238,7.268549482663856,0.9981490860864782
T1900044725_TS20190191,2715,6.731497458872827,0.9946501845909401
T1900044726_TS20190192,3040,7.160610438873878,0.9980839384070923
T1900044727_TS20190193,2778,6.979015341676716,0.9975276774514173
T1900044728_TS20190194,3023,7.105758000516158,0.9979425759457723
T1900044729_TS20190195,2793,6.928754148708787,0.9974178021852015
T1900044730_TS20190196,2661,6.732268021788997,0.9951126778845402
T1900044731_TS20190197,3087,7.170056930386763,0.9980910924680076
T1900044732_TS20190198,2915,7.157125481171302,0.9980758338979531
T1900044734_TS20190200,2727,7.065481479006998,0.9978964944558926
T1900044735_TS20190201,3226,7.291167463192167,0.9982385735352086
T1900044736_TS20190202,3055,7.043197285360924,0.9975964891536891
T1900044737_TS20190203,2966,7.115312322479909,0.998025247729556
T1900044738_TS20190204,3227,7.271048532624385,0.998124394126812
T1900044739_TS20190205,2674,6.766136163803048,0.9947468817524838
T1900044740_TS20190206,2850,6.9822098945101505,0.9976819820927431
T1900044741_TS20190207,2874,7.0809124792674725,0.9972137974686093
T1900044742_TS20190208,2874,7.02851216353113,0.9976973219092911
T1900044743_TS20190209,2832,7.101276994998489,0.9979252451201168
T1900044744_TS20190210,2909,7.075844783952845,0.9979621467791728
T1900044745_TS20190211,2971,7.118981234889293,0.9979428749677404
T1900044746_TS20190212,2795,6.9860846083103585,0.997665000798868
T1900044747_TS20190213,2785,6.920037382468841,0.9965118210926196
T1900044748_TS20190414,2996,7.105520484025435,0.997795462953941
T1900044749_TS20190415,2588,6.940747920677555,0.9973604869854749
T1900044750_TS20190416,3044,7.1874377194238015,0.99821949195074
T1900044751_TS20190417,2999,7.0077785394842484,0.9972661402370839
T1900044752_TS20190418,2906,7.020795856238356,0.9978232523612294
T1900044754_TS20190420,3022,7.0983529759076465,0.9977086579946123
T1900044755_TS20190421,3009,7.102782557654216,0.9975601738726677
T1900044756_TS20190222,2681,6.980086012342454,0.9973795190251863
T1900044757_TS20190223,2333,6.41103099414292,0.9939845053640685
T1900044758_TS20190224,2753,6.947048998975274,0.9967624514993727
T1900044759_TS20190225,2777,7.005372577366869,0.9967626649010829
T1900044760_TS20190226,2725,6.956438127773668,0.9975661437906018
T1900044761_TS20190227,2921,7.147078412783764,0.9982871209921107
T1900044762_TS20190228,2617,6.837896174773117,0.9968482893083503
T1900044763_TS20190229,2162,6.631866398381107,0.995867650279461
T1900044764_TS20190230,2688,6.915318153390742,0.9969724642795014
T1900044765_TS20190231,2616,6.910083457821206,0.9973828337671001
T1900044766_TS20190232,2917,7.141680987283952,0.9982558101851298
T1900044767_TS20190233,2592,6.83421676628233,0.9967824247506677
T1900044768_TS20190234,2691,6.917140064124878,0.9973892022870355
T1900044769_TS20190235,2710,6.904924260874022,0.9971107071926869
T1900044770_TS20190236,2558,6.805692545685001,0.996800456315564
T1900044771_TS20190237,2884,7.04142224904661,0.9968194732531938
T1900044772_TS20190238,2598,6.830648060170085,0.9968521595888783
T1900044773_TS20190239,2625,6.852126797375369,0.9968680277906706
T1900044774_TS20190240,2756,6.9438771795093475,0.9974961514097659
T1900044775_TS20190241,2912,7.135435037740562,0.9982573243166897
T1900044776_TS20190242,2283,6.737475572824329,0.9967448668434148
T1900044777_TS20190243,2596,6.785253835558942,0.9969957843870524
T1900044778_TS20190244,2671,6.862017486900137,0.9972026356026508
T1900044779_TS20190245,2572,6.845485816834917,0.9971653542084689
T1900044780_TS20190246,2809,7.064819008039173,0.997835932138207
T1900044781_TS20190247,2931,7.028755145270664,0.9973490402199072
T1900044782_TS20190248,2498,6.741565979371865,0.996695989918055
T1900044783_TS20190249,2509,6.812214881855672,0.9969060297635134
T1900044784_TS20190250,2691,6.890480284338376,0.9973292993441923
T1900044785_TS20190251,2514,6.883274717762201,0.996019849800329
T1900044786_TS20190252,2645,6.943055895878752,0.9973003170123467
T1900044787_TS20190253,2693,6.943661052977321,0.9972781150114087
T1900044788_TS20190254,3169,7.313233195233968,0.9985016719377834
T1900044789_TS20190255,3237,7.2739467803632625,0.9983611688932174
T1900044790_TS20190256,3174,7.3209575468128625,0.9984938104033396
T1900044791_TS20190257,3053,7.258537387897963,0.9983839352207401
T1900044792_TS20190258,3357,7.428411611466387,0.9987450249677626
T1900044793_TS20190259,3073,7.266629684962356,0.9984073564429559
T1900044794_TS20190260,3033,7.152861214004419,0.99803752724265
T1900044795_TS20190261,3177,7.375475878732823,0.9985934791268317
T1900044796_TS20190262,2968,7.177024569366312,0.9981216350914346
T1900044797_TS20190263,3167,7.3352080292626125,0.9984464174966825
T1900044798_TS20190264,2969,7.146328969291,0.998073951155894
T1900044799_TS20190265,3071,7.185592808484467,0.9978384580948749
T1900044800_TS20190266,3239,7.414869560846745,0.9987479241364571
T1900044801_TS20190267,3120,7.2856544976177124,0.9983845151621838
T1900044802_TS20190268,3029,7.130425199654273,0.9978225235330322
T1900044803_TS20190269,3007,7.280705917010463,0.998560096698
T1900044804_TS20190270,3246,7.340466850988815,0.9985284543928846
T1900044805_TS20190271,3131,7.271495658859136,0.9983246414456851
T1900044806_TS20190272,3137,7.278433609360446,0.9982182513159342
T1900044807_TS20190273,3123,7.293930909308953,0.9983187548831641
T1900044808_TS20190274,3280,7.415060442428313,0.9987243282005711
T1900044809_TS20190275,3053,7.183006870196265,0.9978087089685513
T1900044810_TS20190276,3107,7.271109929447506,0.9984600377433039
T1900044811_TS20190277,2978,7.172241702003389,0.9980815018448511
T1900044812_TS20190278,3243,7.3976905093386875,0.9986547429906117
T1900044813_TS20190279,3174,7.297292117116528,0.9983581630116103
T1900044814_TS20190280,3177,7.396910809963909,0.9986509988597007
T1900044815_TS20190281,3018,7.2719056667550674,0.9984855779067636
T1900044816_TS20190282,3137,7.30809564657027,0.9985589928103649
T1900044817_TS20190283,3125,7.289681072665267,0.998443036763295
T1900044818_TS20190284,3078,7.377299589761052,0.9987099610740471
T1900044819_TS20190285,3235,7.216379045027883,0.9974625701010287
T1900044820_TS20190286,3209,7.316501386163725,0.9984243195030283
T1900044821_TS20190287,3225,7.360584016082692,0.9985700626968429
T1900044822_TS20190288,3049,7.133881587065197,0.9978752253877863
T1900044823_TS20190289,3135,7.378838786830245,0.9986889569609567
T1900044824_TS20190290,3304,7.363527016939849,0.9985232034371704
T1900044825_TS20190291,3042,7.154278780736096,0.9976626158978372
T1900044826_TS20190292,3212,7.2320951246892,0.9969963530808834
T1900044827_TS20190293,3139,7.299759755525334,0.9983636588904604
T1900044828_TS20190294,2775,6.936522298964215,0.9973030628818964
T1900044829_TS20190295,3110,7.254482153828711,0.9980927095772845
T1900044830_TS20190296,2781,6.9505096528857395,0.9973045711692838
T1900044831_TS20190297,3004,7.206465719273847,0.9982641230318832
T1900044832_TS20190298,2976,7.207425983093695,0.9983349158144279
T1900044833_TS20190299,3005,7.187418615048717,0.9981900968321968
T1900044834_TS20190300,2985,7.085249500493298,0.9975538768236731
T1900044835_TS20190301,3086,7.272403780562126,0.9981009963000804
T1900044836_TS20190302,3057,7.089569452377593,0.9975194336291836
T1900044837_TS20190303,2959,7.118921590648459,0.9979945347477467
T1900044838_TS20190304,3099,7.27802254045812,0.9983416683311294
T1900044839_TS20190305,2666,6.955025191446975,0.9976494196867557
T1900044840_TS20190306,2796,6.942604051716598,0.9972982393640906
T1900044841_TS20190307,2749,6.89330137375626,0.9970847630373099
T1900044842_TS20190308,2862,7.123835970366907,0.9978963311668078
T1900044843_TS20190309,3020,7.192266186907401,0.9981205943133444
T1900044844_TS20190310,2804,6.9346235058574495,0.9972513785631651
T1900044845_TS20190311,2878,7.125788089257801,0.9980502746057374
T1900044846_TS20190312,2760,6.946149078064127,0.9973830245352001
T1900044847_TS20190313,2854,7.079064416491103,0.9976890036914268
T1900044848_TS20190314,3025,7.205633038672754,0.9982765306238157
T1900044849_TS20190315,2900,7.063318599162861,0.9973792034975211
T1900044850_TS20190316,2951,7.083750960326721,0.9978843195400129
T1900044851_TS20190317,2996,7.209246728683997,0.9982781099467926
T1900044852_TS20190318,2742,7.006928818386218,0.9969789950976267
T1900044853_TS20190319,2816,7.056394667547347,0.9976734313947733
T1900044854_TS20190320,2934,7.129593484716402,0.9979022856917201
T1900044855_TS20190321,2903,7.1447845652267565,0.9980705505122959
T1900044856_TS20190322,2764,6.98490142994589,0.9976978485975554
T1900044857_TS20190323,3059,7.205061183185292,0.9981467348308486
T1900044858_TS20190324,2791,6.99421301871918,0.9967627772580249
T1900044859_TS20190325,2744,6.957932655472296,0.9973732394775618
T1900044860_TS20190326,2729,7.034828566384957,0.9975126236638929
T1900044861_TS20190327,2679,6.9097700293643785,0.9963508592259018
T1900044862_TS20190328,2922,7.109456418742659,0.9980144451154959
T1900044863_TS20190329,2821,6.959182990828659,0.9974201180566359
T1900044864_TS20190330,3088,7.230432593793393,0.9977084497519344
T1900044865_TS20190331,2909,7.083425847149103,0.997674972826496
T1900044866_TS20190332,2952,7.113986074124444,0.9979893498336538
T1900044867_TS20190333,2862,7.057846141562374,0.9975984664393008
T1900044868_TS20190334,2369,6.899003891397915,0.9977814013615727
T1900044869_TS20190335,2957,7.083120225725027,0.9973006310430726
T1900044870_TS20190336,2621,6.949837206177524,0.9969773038650047
T1900044872_TS20190338,2249,6.935699031083091,0.9976664184238406
T1900044873_TS20190339,2901,7.197758274146864,0.9979979333263708
T1900044874_TS20190340,2229,6.913895139426572,0.9972712708772832
T1900044876_TS20190342,2774,6.964429119041931,0.9973145077888278
T1900044877_TS20190343,2821,7.14403949934216,0.9980071566215906
T1900044879_TS20190345,2770,7.104812532979575,0.9980899194556854
T1900044880_TS20190346,2725,7.1735004320513385,0.9983455248831598
T1900044883_TS20190349,2763,6.9324786555454,0.997101560151159
T1900044885_TS20190351,2479,6.926330045379082,0.9974629154110913
T1900044888_TS20190354,2708,6.9186779892459915,0.9959879766130272
T1900044889_TS20190355,2058,6.716970053782924,0.9961726322093154
T1900044890_TS20190356,2421,6.846772465447505,0.996877834839545
T1900044892_TS20190358,2914,6.9861586241242,0.996784138816415
T1900044894_TS20190360,2544,6.847121433563474,0.9968455211496292
T1900044897_TS20190363,2936,7.200419403315403,0.9983095799067909
T1900044899_TS20190365,2722,7.05656682653783,0.998016932654645
T1900044904_TS20190370,2720,6.953271908156857,0.997572621721614
T1900044908_TS20190374,3339,7.5159348526899645,0.9989451680516989
T1900044910_TS20190376,2758,6.962351379673586,0.9970033528342886
T1900044912_TS20190378,3129,7.322438948529433,0.9984630342276714
T1900044913_TS20190379,3117,7.322996262864786,0.9985236602177053
T1900044914_TS20190380,3068,7.346128663393037,0.9985418504890905
T1900044915_TS20190381,3167,7.337733693760579,0.9985042793297992
T1900044916_TS20190382,3093,7.352617797963583,0.9985025641470051
T1900044917_TS20190383,3186,7.389486670947616,0.9984732538906128
T1900044918_TS20190384,2868,7.303648889737119,0.9985318711193402
T1900044919_TS20190385,2584,6.853676562517555,0.996963945055803
T1900044920_TS20190386,3176,7.430566560212782,0.998766965459743
T1900044921_TS20190387,3187,7.332123281518085,0.9983304364003198
T1900044923_TS20190389,3073,7.1916960406374315,0.9979799404203041
T1900044924_TS20190390,3370,7.3709719426775395,0.998386002265768
T1900044925_TS20190391,3307,7.451820419049966,0.9986973640346306
T1900044926_TS20190392,3227,7.398788725930803,0.9986978870038472
T1900044927_TS20190393,3038,7.168359775044924,0.9977944402794837
T1900044928_TS20190394,3118,7.171394511201186,0.9980918575395066
T1900044929_TS20190395,3488,7.478652122692138,0.9986886604586162
T1900044930_TS20190396,2792,7.152464771628755,0.9982198287851779
T1900044931_TS20190397,3168,7.3449683844996265,0.998494713240494
T1900044932_TS20190398,3312,7.359903725328755,0.9984097928686111
T1900044933_TS20190399,3256,7.409229627334905,0.9987286904814459
T1900044934_TS20190400,3245,7.339555568171886,0.9979199639880849
T1900044935_TS20190401,3164,7.313840194481362,0.9978336981349801
T1900044936_TS20190402,3186,7.35737906477701,0.9981351503375965
T1900044937_TS20190403,3052,7.231082693181151,0.9982923118057063
T1900044938_TS20190404,3085,7.250388888924776,0.9981619070171674
T1900044939_TS20190405,3267,7.428442879125682,0.9988096320104614
T1900044940_TS20190406,3329,7.406522217977849,0.998555641135809
T1900044941_TS20190407,3171,7.2396715224140085,0.9980582859845428
T1900044942_TS20190408,3178,7.315414554010106,0.9983654432093736
T1900044943_TS20190409,3038,7.344429959542048,0.9986454887630547
T1900044944_TS20190410,3119,7.2561701421795926,0.9982973570303705
T1900044945_TS20190411,3013,7.277860764059719,0.9983089194609794
T1900044946_TS20190412,3280,7.417034705500325,0.9986671862872988
T2001009361_TS20190215,2677,6.885429034925354,0.9972195689410446
T2001009362_TS20190216,2824,6.939372944862456,0.9972137382788299
T2001009363_TS20190217,2604,6.854656790505782,0.995468057470617
T2001009364_TS20190218,2923,6.966120756399152,0.9951460843098483
T2001009365_TS20190219,2498,6.743395600896647,0.996631267016015
T2001009366_TS20190220,2777,6.951754456048631,0.9974085220409813
T2001009367_TS20190221,2448,6.767207967289257,0.9968403524277363
T2001009368_TS-100,2406,6.734324736725196,0.995126705876337
TP20200815-DZC27_DT2009055497-1,3193,7.163280204860028,0.9979189079722539
TP20200815-DZC37_DT2009055507-1,3015,7.15046098285011,0.9977798215365964
TP20200814-DZC129_DT2009055457-1,3026,7.2774594441123215,0.9984800483422164
TP20200814-DZC104_DT2009055432-1,2741,7.096237822283936,0.9979802473615045
TP20200814-DZC133_DT2009055461-1,2948,7.117173928972194,0.9980726164341324
TP20200815-DZC39_DT2009055509-1,3010,7.2120497634975,0.998275041259307
TP20200814-DZC135_DT2009055463-1,2993,7.153131198839914,0.9980281607139966
TP20200814-DZC123_DT2009055451-1,2992,7.067059420447058,0.9973973528499365
TP20200814-DZC140_DT2009055468-1,3118,7.190695915541679,0.9978902424850693
TP20200814-DZC119_DT2009055447-1,2372,6.7782914321319465,0.9970556208855651
TP20200814-DZC125_DT2009055453-1,2885,7.093354003501417,0.9974044304116184
TP20200814-DZC141_DT2009055469-1,2913,7.177186159276773,0.9980557425393448
TP20200814-DZC113_DT2009055441-1,2758,7.172524075547066,0.9981937312288487
TP20200814-DZC138_DT2009055466-1,3144,7.333977078933289,0.9985523214992953
TP20200815-DZC14_DT2009055484-1,2942,7.100699266738781,0.99786948461663
TP20200815-DZC32_DT2009055502-1,2718,7.078318113741827,0.9979476937732613
TP20200814-DZC131_DT2009055459-1,2577,6.984781782464198,0.997917736321514
TP20200815-DZC40_DT2009055510-1,3143,7.077137225586709,0.9975566395533256
TP20200814-DZC122_DT2009055450-1,2776,6.949847626372737,0.99634059315781
TP20200814-DZC108_DT2009055436-1,2991,7.0957629149240775,0.9974583944547231
TP20200814-DZC126_DT2009055454-1,2814,6.9968337073775,0.9975070927802661
TP20200814-DZC111_DT2009055439-1,2805,7.128215285321014,0.9979681456927882
TP20200814-DZC116_DT2009055444-1,2930,7.240843372231094,0.9984134972673434
TP20200815-DZC16_DT2009055486-1,2897,7.047980826892596,0.9966305909698879
TP20200814-DZC112_DT2009055440-1,2894,7.137740659323079,0.9979456552048216
TP20200814-DZC136_DT2009055464-1,2839,7.010344895216872,0.9975333534314695
TP20200815-DZC10_DT2009055480-1,2924,6.979865339664764,0.996621218583079
TP20200814-DZC1_DT2009055329-1,2861,7.052162839006399,0.9975903741854966
TP20200814-DZC2_DT2009055330-1,2903,7.138216742936776,0.9978823976436526
TP20200814-DZC4_DT2009055332-1,2687,6.941864804037148,0.9973412806003391
TP20200814-DZC7_DT2009055335-1,2853,7.078008071826456,0.9977211472767348
TP20200814-DZC8_DT2009055336-1,2757,7.018558712191661,0.9972930775790542
TP20200814-DZC9_DT2009055337-1,2980,7.079306702800149,0.9975924684740416
TP20200814-DZC11_DT2009055339-1,2923,7.098057630584223,0.9975107746985297
TP20200814-DZC12_DT2009055340-1,3077,7.245981780361948,0.9984373011853348
TP20200814-DZC13_DT2009055341-1,2913,7.166101894207608,0.9981264299382294
TP20200814-DZC15_DT2009055343-1,2968,7.26816402729578,0.9984381137547363
TP20200814-DZC16_DT2009055344-1,2799,6.797648382158043,0.9956675728050232
TP20200814-DZC18_DT2009055346-1,2642,7.168866114707147,0.998436526313587
TP20200814-DZC19_DT2009055347-1,3072,7.161842336448866,0.9979551517895829
TP20200814-DZC21_DT2009055349-1,2831,7.137074641388481,0.9980090562027026
TP20200814-DZC22_DT2009055350-1,2964,7.126468865382257,0.9981360446109727
TP20200814-DZC23_DT2009055351-1,2756,6.997591124180555,0.9976415533467858
TP20200814-DZC25_DT2009055353-1,3096,7.344381885863263,0.9986365931423571
TP20200814-DZC26_DT2009055354-1,3024,7.117005746394498,0.9972129592085266
TP20200814-DZC29_DT2009055357-1,3010,7.171444260885707,0.9974692387491066
TP20200814-DZC30_DT2009055358-1,3070,7.278314581412067,0.9981789066886639
TP20200814-DZC32_DT2009055360-1,2937,7.225793449965296,0.9981166583433183
TP20200814-DZC33_DT2009055361-1,2918,6.932768479076105,0.995961504626029
TP20200814-DZC35_DT2009055363-1,3118,7.201218475474665,0.9980182106875114
TP20200814-DZC36_DT2009055364-1,3088,7.102230566327302,0.9974124308844048
TP20200814-DZC45_DT2009055373-1,3020,7.258443893086268,0.9983418617175261
TP20200814-DZC47_DT2009055375-1,2832,7.011271852938827,0.9957967036465908
TP20200814-DZC48_DT2009055376-1,2925,7.172600442432968,0.9979586808302924
TP20200814-DZC52_DT2009055380-1,3170,7.2102230857596865,0.9977114413348199
TP20200814-DZC55_DT2009055383-1,3063,7.09197679232822,0.9971094593577869
TP20200814-DZC57_DT2009055385-1,2977,7.096118251440836,0.9976089171128529
TP20200814-DZC61_DT2009055389-1,3015,6.892623500590125,0.9959882482938501
TP20200814-DZC67_DT2009055395-1,2840,7.08018268773294,0.9978380809254336
TP20200814-DZC77_DT2009055405-1,3000,7.182059278711525,0.9980628007195934
TP20200814-DZC78_DT2009055406-1,2917,6.982303155483303,0.9971730140386711
TP20200814-DZC81_DT2009055409-1,2822,7.029276421544853,0.9978044510021129
TP20200814-DZC83_DT2009055411-1,2973,7.17772359997281,0.9981668281110666
TP20200814-DZC86_DT2009055414-1,2683,6.848997388564439,0.9970853987322623
TP20200814-DZC87_DT2009055415-1,2935,7.112783535736091,0.997663133280532
TP20200814-DZC89_DT2009055417-1,3090,7.127503534520321,0.9976461789084037
TP20200814-DZC90_DT2009055418-1,2870,7.156339052037895,0.9981825008394779
TP20200814-DZC98_DT2009055426-1,2991,7.242790637829684,0.9984141071514818
TP20200814-DZC99_DT2009055427-1,2989,7.076391098543158,0.9975022609026598
TP20200814-DZC101_DT2009055429-1,2995,7.104538734509828,0.9976625189477709
T1900045312_YK20190001,2658,6.737344953333518,0.9935788811061169
T1900045313_YK20190002,2651,7.0718560015151,0.9979646781723167
T1900045314_YK20190003,2395,6.405940740105475,0.9872675053223745
T1900045315_YK20190004,2771,7.1330592196612965,0.9980447250110585
T1900045316_YK20190005,2648,7.069352017860753,0.9979268690803204
T1900045317_YK20190006,1992,6.146519084456107,0.9899005135302087
T1900045318_YK20190007,2669,7.0655895085628915,0.9980870949030125
T1900045319_YK20190008,2598,6.859321332863856,0.9945449169132247
T1900045320_YK20190009,2681,7.094357113767866,0.9982120128830375
T1900045321_YK20190010,2621,7.060199042961029,0.9979320504662599
T1900045322_YK20190011,2668,7.096012834423656,0.998022577185026
T1900045323_YK20190012,1953,6.05135930617064,0.9867809558504447
T1900045324_YK20190013,2345,6.375575884748014,0.9870269704221925
T1900045325_YK20190014,2708,6.94614660919532,0.9947430211586332
T1900045326_YK20190015,2751,6.993683852076796,0.9957843333338962
T1900045327_YK20190016,2677,7.093454312678334,0.9980058993572378
T1900045328_YK20190017,2692,7.039548590138358,0.9980209255442133
T1900045329_YK20190018,2581,6.895162374232665,0.9960945292235106
T1900045330_YK20190019,2652,6.8925980638621915,0.9963590149604241
T1900045331_YK20190020,2609,6.934921834784952,0.9967787568107985
T1900045332_YK20190021,2723,7.036167699702197,0.9979584362746481
T1900045333_YK20190022,2622,6.94785318799809,0.9969284442314802
T1900045334_YK20190023,2662,7.105409798908717,0.9981159260374368
T1900045335_YK20190024,2590,6.785260109111147,0.9934580965892984
T1900045336_YK20190025,2683,7.059741625339285,0.9980238217166719
T1900045337_YK20190026,2569,6.817332526598272,0.9941309891444486
T1900045338_YK20190027,2660,6.918203582973821,0.9966267619873996
T1900045339_YK20190028,2635,7.019057190216679,0.9978264528950933
T1900045340_YK20190030,2612,6.963266733706871,0.9966289600877999
T1900045341_YK20190031,2596,6.9711129295360035,0.9975820171284057
T1900045342_YK20190032,2770,7.11416343896094,0.9979318022622521
T1900045343_YK20190033,2704,7.106594182995075,0.9982360182596891
T1900045344_YK20190034,2666,7.073628240888675,0.9981005023093328
T1900045345_YK20190035,2751,7.069176356290187,0.9979458712017044
T1900045346_YK20190036,2639,6.96507435024158,0.997033289485561
T1900045347_YK20190037,2606,6.842072006642072,0.995766140407758
T1900045348_YK20190038,2681,7.03778320416753,0.9980245483193324
T1900045349_YK20190039,2641,6.998217381682124,0.9975022900893781
T1900045350_YK20190040,2601,6.750549033558069,0.994310137843655
T1900045351_YK20190041,2668,7.104597069647452,0.9980628066440225
T1900045352_YK20190042,2607,7.022993413643475,0.9978666627971076
T1900045353_YK20190043,2661,6.9920413048612415,0.9968998828185444
T1900045354_YK20190044,2615,6.840033448317642,0.9942525273659949
T1900045355_YK20190045,2666,7.072912318656288,0.9979497762082792
T1900045356_YK20190046,2734,7.062189815764917,0.9979197518353751
T1900045357_YK20190047,2686,7.112278768250991,0.9980763783239308
T1900045358_YK20190048,2689,7.106608162478684,0.9980700214420819
T1900045359_YK20190049,2631,6.919576751718123,0.9964763649901208
T1900045360_YK20190050,2669,7.101957422465716,0.9980729325904519
T1900045361_YK20190051,2981,7.363324335493207,0.9986249992223296
T1900045362_YK20190052,2524,7.0060764139357845,0.9976067058824153
T1900045363_YK20190053,2037,6.479471022205208,0.9907275296920984
T1900045364_YK20190054,2437,7.081408932308052,0.997990764860908
T1900045365_YK20190055,1944,6.68916904361822,0.9966637356895044
T1900045366_YK20190056,1978,6.261190399795911,0.9848903438617825
T1900045367_YK20190057,2710,7.283620307709797,0.9986032615538638
T1900045368_YK20190058,2086,6.789509724893214,0.9971181434035147
T1900045369_YK20190059,2091,6.932845644448105,0.99771341856754
T1900045371_YK20190061,2292,6.954110046803957,0.9976225589543567
T1900045373_YK20190063,1987,6.712701459062637,0.996879368107833
T1900045375_YK20190065,2642,7.259444564877632,0.9986281625786999
T1900045376_YK20190066,2130,6.548117315207762,0.9931374784715654
T1900045378_YK20190068,2444,7.234836481834277,0.9985752599896632
T1900045380_YK20190070,2586,7.097866535932483,0.9977963336495195
T1900045381_YK20190071,2154,6.892860695732197,0.9976126452603968
T1900045382_YK20190072,1979,6.4985966396442665,0.994195873104709
T1900045384_YK20190074,2338,7.03154926211211,0.9980439272091581
T1900045385_YK20190075,2544,7.179339345766098,0.9983754375425795
T1900045386_YK20190076,2490,7.1414723571206755,0.9981795990936861
T1900045388_YK20190078,2205,6.9308266601048905,0.997810326264018
T1900045389_YK20190079,1904,6.687776356852214,0.9956737459229684
T1900045390_YK20190080,2267,6.938111689037702,0.9970369819323199
T1900045391_YK20190081,2276,7.009535954631376,0.9979814876135358
T1900045392_YK20190082,2818,7.3215583341190955,0.9984836639632464
T1900045393_YK20190083,1810,6.8941755126672595,0.9980175688878444
T1900045394_YK20190084,2633,7.231572148484252,0.9983967935355282
T1900045395_YK20190085,2601,7.13583581333832,0.9979888576402502
T1900045396_YK20190086,2180,6.880375646983932,0.9972675839910128
T1900045397_YK20190087,2776,7.355718213744264,0.9987590981477297
T1900045398_YK20190088,2146,7.00322905255893,0.9978679911810231
T1900045399_YK20190089,2590,7.267809063154733,0.9987530259289503
T1900045400_YK20190090,1907,6.8069113371471355,0.9972221568593975
T1900045403_YK20190093,2184,7.013545344985471,0.9974130303960653
T1900045404_YK20190094,2610,7.1750401960481796,0.9983232478573235
T1900045406_YK20190096,2700,7.283384501809094,0.9984047550200524
T1900045407_YK20190097,2861,7.229070170885661,0.9984787551974956
T1900045408_YK20190098,2902,7.292354349315582,0.9981450636486157
T1900045409_YK20190099,2599,7.125476147945333,0.9981047101732565
T1900045410_YK20190100,3006,7.328999288560643,0.9982396486777255
T1900045411_YK20190101,2891,7.140480729401849,0.9975856148509533
T1900045412_YK20190102,2680,7.160714273381806,0.9982348899394333
T1900045413_YK20190103,3001,7.348155417622546,0.9986463623138471
T1900045414_YK20190104,2909,7.16353081633426,0.9972898299311684
T1900045415_YK20190105,2749,7.19843591302403,0.9983128928250605
T1900045416_YK20190106,2955,7.34450912857208,0.9984057107836956
T1900045417_YK20190107,2698,7.090862429334904,0.9978329891981562
T1900045418_YK20190108,2956,7.328968907910501,0.9983942328083509
T1900045419_YK20190109,2936,7.310460259889537,0.9986420122485198
T1900045420_YK20190110,3051,7.449968493706014,0.998858180239806
T1900045421_YK20190111,2993,7.383595724774623,0.9987095546005531
T1900045422_YK20190112,2976,7.298732270382359,0.9982008946405299
T1900045423_YK20190113,2815,7.174998100342921,0.9982794374862798
T1900045424_YK20190115,2774,7.193811736238553,0.9983187893621677
T1900045425_YK20190116,2913,7.103833658909373,0.9973416787223147
T1900045426_YK20190117,2872,7.302629507144506,0.9986495172997577
T1900045427_YK20190118,2834,7.187039642229268,0.997842086456635
T1900045428_YK20190119,2890,7.17482698170266,0.9974618287194481
T1900045429_YK20190120,2713,7.099801756189602,0.99810197606116
T1900045430_YK20190121,2808,7.24810347040103,0.9984052773699407
T1900045432_YK20190123,2964,7.388254653547234,0.9988193294251559
T1900045433_YK20190124,2922,7.224865611280769,0.9973195984890201
T1900045435_YK20190126,2712,7.132046397128768,0.9979718727270034
T1900045436_YK20190127,2582,6.960858396324383,0.9974394993622291
T1900045441_YK20190132,2855,7.216283642065245,0.997790500383601
T1900045442_YK20190133,2722,7.03867160509611,0.9961800273304576
T1900045443_YK20190134,2695,7.147976424089954,0.9982037918105565
T1900045445_YK20190136,2662,6.995425746255995,0.9977260778334978
T1900045446_YK20190137,2904,7.231151418425126,0.9982234853268593
T1900045447_YK20190138,2160,7.034457093868203,0.9980675397681829
T1900045448_YK20190139,2428,7.06571321579404,0.9976623808440817
T1900045449_YK20190140,2314,7.141693119000105,0.9984358239076256
T1900045450_YK20190141,2295,7.011957077468731,0.9977160643765671
T1900045451_YK20190142,2279,6.978644974584432,0.9978447142950259
T1900045452_YK20190143,1912,6.907090052006136,0.9980879854007166
T1900045453_YK20190144,1513,6.711380235178589,0.9975327308676951
T1900045454_YK20190145,2239,7.041919462871483,0.9981614740212348
T1900045455_YK20190146,2248,7.015010643417638,0.998072745954407
T1900045456_YK20190147,2006,6.985112567350115,0.9982026569421808
T1900045457_YK20190148,2397,7.125587929164744,0.9983528533311629
T1900045458_YK20190149,1796,6.193895975683219,0.9845137727459817
T1900045459_YK20190150,2421,7.176648502521249,0.9984095458871561
T1900045460_YK20190151,2566,7.245157812521572,0.9986041454141691
T1900045461_YK20190152,2499,7.088909700670011,0.9977622377107424
T1900045462_YK20190153,2486,6.938564778531672,0.9966652248423411
T1900045463_YK20190154,2926,7.27441294937452,0.9985589983967393
T1900045464_YK20190155,2878,7.065212468609468,0.9967101194315381
T1900045465_YK20190156,2654,7.007887294171235,0.997358915299395
T1900045466_YK20190157,2658,7.00856342706703,0.9973183549302682
T1900045467_YK20190158,2859,7.239267152453471,0.9983095626943714
T1900045468_YK20190159,2898,7.073345113243877,0.9967571285927542
T1900045469_YK20190160,2862,7.193479399056025,0.9983933745883601
T1900045470_YK20190161,2859,7.200635531929717,0.9983973106841265
T1900045471_YK20190162,2911,7.269797308881767,0.9981888228578493
T1900045473_YK20190165,2526,7.174953765378824,0.9983651370068802
T1900045474_YK20190167,2937,7.284878273068506,0.998592527904146
T1900045475_YK20190169,2908,7.263346004555265,0.998123357299412
T1900045476_YK20190170,2961,7.310145964117218,0.9986433242167143
T1900045477_YK20190171,2822,7.1768136356252334,0.9983657608651121
T1900045478_YK20190172,2722,7.043026736517679,0.9971588995958616
T1900045479_YK20190173,2910,7.265602396282511,0.9981691031305682
T1900045480_YK20190174,2736,7.0514908137332135,0.997144138144427
T1900045481_YK20190175,2639,7.004098929980975,0.9972802102134565
T1900045482_YK20190176,2858,7.222199873877634,0.9982176213009892
T1900045483_YK20190177,2867,7.227514409734181,0.9981733500207455
T1900045484_YK20190178,2900,7.292722808589296,0.9985809355031952
T1900045485_YK20190179,2926,7.257341816605477,0.9983833304519476
T1900045486_YK20190180,3041,7.3543823479003105,0.9987036062936078
T1900045487_YK20190181,3001,7.290533834169139,0.9985176427343562
T1900045488_YK20190182,2586,7.005467282788682,0.9977478170073494
T1900045489_YK20190183,2827,7.3118765125430825,0.9986015765218906
T1900045490_YK20190184,2786,7.2294369008437265,0.9984682600185102
T1900045491_YK20190185,2916,7.376124024461486,0.9988028665253852
T1900045492_YK20190186,2784,7.224870723951177,0.9984635179350595
T1900045493_YK20190187,2801,7.1418153955753185,0.9981391313730721
T1900045494_YK20190188,2303,6.796080008002545,0.9971765034224789
T1900045495_YK20190189,2804,7.149238353751936,0.9981022897649688
T1900045496_YK20190190,2854,7.252018441272959,0.998492206467584
T1900045497_YK20190191,2766,7.1018184644928,0.9979223396728214
T1900045498_YK20190192,2606,7.076758832719267,0.9978604561008972
T1900045499_YK20190193,2693,7.064508624417792,0.9977961465678782
T1900045500_YK20190194,2544,6.848230454691034,0.9969792307291349
T1900045501_YK20190195,2928,7.344223196837411,0.9987117259775172
T1900045502_YK20190196,2790,7.136563126308814,0.9980565706628007
T1900045503_YK20190197,2817,7.2397929747243,0.9984835196518896
T1900045504_YK20190198,2888,7.140304731195975,0.9978529706008921
T1900045505_YK20190199,2926,7.27186360675885,0.9985622822599861
T1900045506_YK20190200,2499,6.81340682108414,0.9968118580716452
T1900045507_YK20190201,2894,7.286562863815736,0.9983123164792125
T1900045508_YK20190202,2824,7.231088531188162,0.9984501674116412
T1900045509_YK20190203,2649,7.040494751860452,0.9971308246187855
T1900045510_YK20190204,2800,7.272817654924454,0.9986377045793228
T1900045511_YK20190205,2832,7.235206132959068,0.9984686869135608
T1900045512_YK20190206,2917,7.163624864022816,0.9979529726219188
T1900045513_YK20190207,2984,7.305908236576561,0.9986502536852744
T1900045514_YK20190208,2533,6.826880244830052,0.99680977228109
T1900045515_YK20190209,2847,7.235323754059645,0.9984921481448435
T1900045516_YK20190210,2769,7.10379779339219,0.9978780214916162
T1900045517_YK20190211,3015,7.301558491148385,0.998507487108378
T1900045518_YK20190212,3150,7.359946813832768,0.9982440942186876
T1900045519_YK20190213,2949,7.308631728915854,0.9985821076279173
T1900045520_YK20190214,2869,7.259757107565841,0.9985119080476151
T1900045521_YK20190215,3312,7.470530883022418,0.9986113119804211
T1900045522_YK20190216,3161,7.379949355280237,0.9982850984334263
T1900045523_YK20190217,2881,7.216883183728726,0.9984427007455648
T1900045524_YK20190218,2768,7.186373369994277,0.9983313501600084
T1900045525_YK20190219,2389,6.4844319247425934,0.9948179636430314
T1900045526_YK20190220,2980,7.403642107539651,0.9988399615865129
T1900045527_YK20190221,2902,7.160905602058977,0.9978603903378798
T1900045528_YK20190222,2910,7.17537616423411,0.9978120057149661
T1900045529_YK20190223,3027,7.393015822871251,0.9986668585920936
T1900045530_YK20190224,2753,7.13268022072667,0.9982131716981065
T1900045531_YK20190225,2892,7.134403254256511,0.9977579370312237
T1900045532_YK20190226,2917,7.223671342406935,0.9982830392800842
T1900045533_YK20190227,3008,7.278667793366839,0.9984846936069609
T1900045534_YK20190228,2467,7.0923253414663145,0.9982749626861828
T1900045535_YK20190229,2297,6.813382219191131,0.9963798712773875
T1900045536_YK20190230,2484,7.156737591512005,0.9985105653427275
T1900045537_YK20190231,3020,7.341456768168872,0.9984192321103148
T1900045538_YK20190232,2794,7.299256758013148,0.9987028748603918
T1900045539_YK20190233,2364,7.096889974838414,0.9980983439665295
T1900045540_YK20190234,3085,7.449031756556286,0.9987836457320421
T1900045541_YK20190235,2992,7.212599403413408,0.998189808802165
T1900045542_YK20190236,2727,7.2259677908221045,0.9984348129122996
T1900045543_YK20190237,3021,7.291108119777401,0.998324580904809
T1900045544_YK20190238,2849,7.3469519360419255,0.9985552663979703
T1900045545_YK20190239,3015,7.400665276766855,0.9987978133546418
T1900045546_YK20190240,3052,7.345885565768076,0.9984733131672177
T1900045547_YK20190241,2778,7.2894569116051375,0.9986350057009296
T1900045548_YK20190242,2948,7.324071333192259,0.9984216831217895
T1900045549_YK20190243,2923,7.32182037188602,0.9985915313377517
T1900045550_YK20190244,2838,7.0221131147541005,0.9968605040836059
T1900045551_YK20190245,3006,7.390799707976877,0.9985818682300442
T1900045552_YK20190246,2954,7.296913449431809,0.998350058396243
T1900045553_YK20190247,2763,7.224322637643647,0.9982926264949536
T1900045554_YK20190248,3131,7.549683441513342,0.9990569008614743
T1900045555_YK20190249,3000,7.502217155976021,0.9990486755754364
T1900045556_YK20190250,2842,7.194241061118422,0.9978971606628231
T1900045557_YK20190251,2846,7.054401240978654,0.9970491663483998
T1900045559_YK20190253,2903,7.28669513450346,0.998227148374427
T1900045560_YK20190254,2817,7.361267301892323,0.9987946870335456
T1900045561_YK20190255,2957,7.342842482991823,0.9986126918406883
T1900045562_YK20190256,2963,7.288210549647294,0.998213382848316
T1900045563_YK20190257,3160,7.268717982792182,0.9976521702158125
T1900045564_YK20190258,2909,6.97448098242399,0.9940519794921978
T1900045565_YK20190259,2995,7.4113129593260325,0.9988019987402484
T1900045566_YK20190260,3019,7.295175941120443,0.9982546213907207
T1900045567_YK20190261,2704,7.194834951167174,0.9981813931445533
T1900045568_YK20190262,2585,7.165725972041253,0.9979519868260446
T1900045569_YK20190263,2689,7.120175211472199,0.9975419026443915
T1900045570_YK20190264,3062,7.350190537006332,0.9984803077480482
T1900045571_YK20190265,2846,7.2202100219901,0.9983305560189026
T1900045572_YK20190266,2825,7.366782329820746,0.9988044743251758
T1900045573_YK20190267,2742,7.1665307954893365,0.9977877128245063
T1900045574_YK20190268,80,2.710446094030864,0.8493051130675637
T1900045575_YK20190269,2673,7.331613808574018,0.9988736370275477
T1900045589_YK20190283,2489,7.126592511469711,0.9982628249669856
T1900045626_YK20190320,2915,7.219515857932597,0.9981036658508555
T1900045627_YK20190321,2871,7.137674759255571,0.9982752199324999
T1900045628_YK20190322,3012,7.249414109487351,0.9980000237160037
T1900045629_YK20190323,2459,6.877703557371654,0.9972722716152287
T1900045630_YK20190324,2777,6.999674924922122,0.9967285315964296
T1900045631_YK20190325,3000,7.249783981287838,0.9980456627468197
T1900045632_YK20190326,2843,7.207429987122735,0.9983266830422671
T1900045633_YK20190327,2764,6.994468201400197,0.9967835535086076
T1900045634_YK20190328,2747,7.189615311347743,0.9984259125358815
T1900045635_YK20190329,2950,7.236481217568372,0.9981221219439413
T1900045636_YK20190330,2648,6.9420995276989945,0.9970151411539033
T1900045637_YK20190331,2950,7.194002435503439,0.9978568976792884
T1900045638_YK20190332,3077,7.217181375427315,0.997055390727462
T1900045639_YK20190333,2887,7.225842264006308,0.9983664893952855
T1900045640_YK20190334,2773,7.157188785847883,0.9982349653874777
T1900045641_YK20190335,2895,7.205838260535217,0.9980545236837484
T1900045642_YK20190336,2599,7.098863050871863,0.9981050377453918
T1900045643_YK20190337,2801,7.0797718111724715,0.9975271980085609
T1900045644_YK20190338,2750,6.9929481377839995,0.9967645390879493
T1900045645_YK20190339,2723,7.074393693835602,0.9979745223228255
T1900045646_YK20190340,2744,7.1310280119040454,0.9981782017968743
T1900045647_YK20190341,2739,7.1231746698632445,0.9981404456168068
T1900045648_YK20190342,2828,7.201026047665812,0.9981284624935377
T1900045649_YK20190343,2746,7.133048688874055,0.9981806560517181
T1900045650_YK20190344,2788,7.072205137023942,0.9981303997550056
T1900045651_YK20190345,2580,7.089123557847521,0.9981007250690153
T1900045652_YK20190346,2723,7.085546880522585,0.9980180940275015
T1900045653_YK20190347,2752,7.13591643432864,0.9979291008342384
T1900045654_YK20190348,2548,6.902784235220255,0.9969504782926559
T1900045655_YK20190349,2507,7.029420728467026,0.9979043188903001
T1900045656_YK20190350,2814,7.1944558647264305,0.9980567641944272
T1900045657_YK20190351,2675,7.0224896332902045,0.9973533429416797
T1900045658_YK20190352,2703,7.035916338144896,0.9980377728175109
T1900045659_YK20190353,2682,7.066520965617052,0.9979748622812887
T1900045660_YK20190354,2847,7.17404469261608,0.9980088342564611
T1900045661_YK20190355,2773,7.05586545791235,0.9974118670844843
T1900045662_YK20190356,2716,6.974098551173637,0.9967242955689543
T1900045663_YK20190357,2756,7.058561985640839,0.9974640451600812
T1900045664_YK20190358,2478,6.8718150513355845,0.9971902628185269
T1900045665_YK20190359,2592,6.90649132531124,0.9969280660762008
T1900045666_YK20190360,2448,6.8580000674473185,0.9971942378842249
T1900045667_YK20190361,2810,7.193861655957855,0.9983207985303445
T1900045668_YK20190362,2850,7.26197692636321,0.9983395210493995
T1900045669_YK20190363,2694,7.146683445082738,0.9983599106386905
T1900045670_YK20190364,2839,7.139423278145469,0.9979938120360536
T1900045671_YK20190365,2790,7.040877013295071,0.9971685401643124
T1900045672_YK20190366,2564,6.956531807238258,0.9975417051375878
T1900045673_YK20190367,2897,7.299588410776864,0.9986264331476125
T1900045674_YK20190368,2817,7.219520565110475,0.9981976316592088
T1900045675_YK20190369,2842,7.1578262958868875,0.9972216924735111
T1900045676_YK20190370,2448,6.775645915652057,0.9955152333123921
T1900045677_YK20190371,2860,7.11779544885023,0.9974119630807073
T1900045678_YK20190372,2796,6.935025828608792,0.9930870715913053
T1900045679_YK20190373,2836,7.128184790956045,0.9979496564414012
T1900045680_YK20190374,2803,7.168578935614916,0.9980454353490137
T1900045681_YK20190375,2578,7.018008290525321,0.9975942910650987
T1900045682_YK20190376,2827,7.263445482517191,0.9985752680034796
T1900045683_YK20190377,2773,6.981681426836687,0.9970530704892023
T1900045684_YK20190378,2937,7.305313968932702,0.9983085298563649
T1900045685_YK20190379,2629,7.027631333339962,0.9976432918312339
T1900045686_YK20190380,2753,7.146778530618528,0.998284799570952
T1900045687_YK20190381,2808,7.052694879837266,0.9971494385779027
T1900045688_YK20190382,2859,7.06898829673974,0.9973732763714964
T1900045689_YK20190383,2807,7.149166598534607,0.9982119422045451
T1900045690_YK20190384,2573,6.943837111733012,0.9974069396966606
T1900045691_YK20190385,2912,7.294432215086669,0.998382233839836
T1900045692_YK20190386,2810,7.154282365153329,0.9982736083854309
T1900045693_YK20190387,2652,7.049842525626571,0.9977128405633469
T1900045694_YK20190388,2983,7.224201780506387,0.9968624732491023
T1900045695_YK20190389,2829,7.181805578740317,0.9981244286249088
T1900045696_YK20190390,2760,7.077259245355552,0.9978385829521286
T1900045697_YK20190391,2721,7.2859250966190245,0.9987377465919675
T1900045698_YK20190392,2860,7.219226169179887,0.9982248961867674
T1900045699_YK20190393,2892,7.148212900284058,0.9974110494147185
T1900045700_YK20190394,2687,6.957025867732085,0.9968670808057437
T1900045701_YK20190395,2884,7.149040784251972,0.997422671129569
T1900045702_YK20190396,2848,7.216804327946945,0.9981776604474308
T1900045703_YK20190397,2855,7.085073454376992,0.9974392435755437
T1900045704_YK20190398,2423,6.77331787494548,0.9961993915298926
T1900045705_YK20190399,2824,7.100582003018156,0.9977436338513611
T1900045706_YK20190400,2773,7.097796758874564,0.9967355554469307
T1900045707_YK20190401,2910,7.316997640759941,0.9986727109604198
T1900045708_YK20190402,2859,7.268391045255769,0.9985804291117546
T1900045709_YK20190403,2827,7.084803566158526,0.9974380311567485
T1900045710_YK20190404,2700,6.906321725442547,0.996419067915136
T1900045711_YK20190405,2709,7.005085409023885,0.9977313616085941
T1900045712_YK20190406,2788,7.163396848041357,0.9983353150827846
T1900045713_YK20190407,2709,6.907087466370741,0.9963681930908843
T1900045714_YK20190408,2514,6.661000458887424,0.9848016689470361
T1900045715_YK20190409,3017,7.317652323088453,0.9984418422702295
T1900045716_YK20190410,2449,6.789005400171144,0.9957375633241774
T1900045717_YK20190411,2996,7.348745781965486,0.9984614467330949
T1900045718_YK20190412,2227,6.921513020585643,0.9974612314542467
T1900045719_YK20190413,1714,6.361030474884008,0.9926874647148338
T1900045720_YK20190414,1932,6.4465538379651495,0.9897805516793993
T1900045721_YK20190415,1808,6.614267474507282,0.9969463481753794
T1900045722_YK20190416,1846,6.115847196748934,0.9840719566828111
T1900045723_YK20190417,2002,6.488850580535042,0.9899579181296249
T1900045725_YK20190419,1471,5.7437230946660325,0.9860982304426341
T1900045726_YK20190420,1629,6.02099343182725,0.9855030214362958
T1900045728_YK20190422,1987,6.68184590198541,0.9969027214744486
T1900045729_YK20190423,2189,6.725346574526158,0.9955419408589318
T1900045730_YK20190424,1642,6.158339607399896,0.9915989747728623
T1900045731_YK20190425,1653,6.224754941786112,0.993248353599271
T1900045732_YK20190426,2184,6.649990866737489,0.9955045662407075
T1900045733_YK20190427,1635,6.000507623537686,0.98204610292499
T1900045734_YK20190428,2337,6.917246221436184,0.9976158023743043
T1900045735_YK20190429,1709,6.340971630479038,0.9952919452138124
T1900045736_YK20190430,1956,6.346895110077902,0.9899416713929778
T1900045737_YK20190431,2200,6.641191339332502,0.9918785312119339
T1900045738_YK20190432,1672,5.643394178151422,0.9664788695498485
T1900045739_YK20190433,2034,6.65275214817591,0.9964602008407454
T1900045740_YK20190434,1986,6.614605047270029,0.9966111547253188
T1900045741_YK20190435,1500,5.8418689976067855,0.9797052754841501
T1900045743_YK20190437,2166,6.8412906551589225,0.9974153168845532
T1900045744_YK20190438,2118,6.437692553465828,0.9892752082333885
T1900045746_YK20190440,2315,6.84460525822538,0.9968863038153633
T1900045747_YK20190441,1636,6.176925099400433,0.9892303331551183
T1900045748_YK20190442,2152,6.721498171051846,0.9955027218052678
T1900045749_YK20190443,2077,6.5925044752688695,0.9956955968096654
T1900045750_YK20190444,1625,5.823812802801471,0.9645672256834612
T1900045751_YK20190445,2108,6.803566174728362,0.9970948371587404
T1900045752_YK20190446,1612,5.961899857624202,0.9852902341292132
T1900045753_YK20190447,2318,6.7423238391155955,0.9950166839890178
T1900045754_YK20190448,1616,6.152570522340403,0.9883384191867746
T1900045755_YK20190449,1753,5.9823000999154,0.9815443229361315
T1900045756_YK20190450,1834,6.137047826047862,0.9863017932670637
T1900045757_YK20190451,2009,6.662786673470364,0.9951679348388162
T1900045758_YK20190452,1881,6.5715932823043195,0.9954960834056007
T1900045759_YK20190453,1248,5.967186432472447,0.9918689674800305
T1900045760_YK20190454,1837,6.334071961599923,0.9910719684344039
T1900045761_YK20190455,2237,6.8352468692437345,0.996700089767969
T1900045762_YK20190456,1943,6.1618216882102255,0.988776941644496
T1900045764_YK20190458,2136,6.7531864312241625,0.9968960970798104
T1900045765_YK20190459,2149,6.474047179709187,0.982512051203834
T1900045767_YK20190461,1850,6.570226328928851,0.9965111535751545
T1900045768_YK20190462,2714,7.256552965314714,0.9985954472435739
T1900045769_YK20190463,2903,7.325860479168852,0.9983626790864618
T1900045770_YK20190464,2278,7.014374300877133,0.9978245587331832
T1900045771_YK20190465,2921,7.275414307464357,0.9983944746459152
T1900045772_YK20190466,2987,7.410461110746786,0.9987467140558317
T2001009370_Yak-NA,2943,7.082119001049099,0.9965193238567067
